{"stats":{"minecraft:killed_by":{"minecraft:piglin_brute":5,"minecraft:drowned":1,"minecraft:piglin":1,"minecraft:zombie":1,"minecraft:player":13,"minecraft:enderman":1},"minecraft:picked_up":{"minecraft:wheat":87,"minecraft:anvil":1,"minecraft:diamond_sword":1,"minecraft:enchanted_book":6,"minecraft:amethyst_block":81,"minecraft:polished_blackstone_brick_stairs":2,"minecraft:string":43,"minecraft:raw_copper":36,"minecraft:pufferfish":1,"minecraft:gold_nugget":378,"minecraft:cobbled_deepslate":525,"minecraft:cobblestone_slab":2,"minecraft:calcite":2,"minecraft:melon_slice":521,"minecraft:furnace":6,"minecraft:stick":54,"minecraft:torch":190,"minecraft:porkchop":28,"minecraft:diorite":3,"minecraft:stone_sword":3,"minecraft:rotten_flesh":88,"minecraft:obsidian":6,"minecraft:cod":5,"minecraft:cobblestone":1000,"minecraft:birch_log":12,"minecraft:enchanting_table":3,"minecraft:feather":8,"minecraft:cooked_beef":3,"minecraft:andesite":3,"minecraft:potato":17,"minecraft:flint":2,"minecraft:tuff":46,"minecraft:stripped_birch_log":4,"minecraft:lapis_lazuli":119,"minecraft:dirt":603,"minecraft:bone":52,"minecraft:stonecutter":1,"minecraft:bow":4,"minecraft:wheat_seeds":253,"minecraft:raw_gold":44,"minecraft:glowstone_dust":150,"minecraft:oak_planks":56,"minecraft:cooked_porkchop":2,"minecraft:sand":70,"minecraft:grass_block":4,"minecraft:spectral_arrow":19,"minecraft:diamond":84,"minecraft:cracked_polished_blackstone_bricks":9,"minecraft:bone_meal":6,"minecraft:oak_sapling":63,"minecraft:netherrack":215,"minecraft:oak_leaves":109,"minecraft:diamond_pickaxe":1,"minecraft:crafting_table":9,"minecraft:chicken":6,"minecraft:nether_wart":16,"minecraft:gold_block":1,"minecraft:cornflower":1,"minecraft:item_frame":1,"minecraft:beef":94,"minecraft:poppy":3,"minecraft:light_gray_wool":6,"minecraft:sugar_cane":298,"minecraft:chest":5,"minecraft:birch_sapling":3,"minecraft:egg":13,"minecraft:raw_iron":192,"minecraft:polished_blackstone_bricks":12,"minecraft:carrot":248,"minecraft:redstone":36,"minecraft:tnt":3,"minecraft:arrow":79,"minecraft:shears":2,"minecraft:deepslate_bricks":3,"minecraft:hay_block":28,"minecraft:gold_ingot":27,"minecraft:mutton":26,"minecraft:white_wool":254,"minecraft:rail":1,"minecraft:stripped_oak_log":4,"minecraft:golden_carrot":2,"minecraft:glow_ink_sac":8,"minecraft:leather":65,"minecraft:oak_log":1029,"minecraft:golden_boots":1,"minecraft:gunpowder":22,"minecraft:cobblestone_stairs":3,"minecraft:wooden_hoe":1,"minecraft:paper":2,"minecraft:apple":15,"minecraft:stone_bricks":11,"minecraft:stone_pickaxe":1,"minecraft:iron_sword":2,"minecraft:soul_sand":4,"minecraft:book":3,"minecraft:smooth_basalt":1,"minecraft:pumpkin":6,"minecraft:quartz":159,"minecraft:dandelion":6,"minecraft:spyglass":2,"minecraft:gravel":12,"minecraft:amethyst_shard":4,"minecraft:white_bed":8,"minecraft:spider_eye":14,"minecraft:stone_axe":1,"minecraft:diamond_axe":1,"minecraft:gray_wool":9,"minecraft:black_wool":2,"minecraft:coal":190,"minecraft:ender_pearl":2},"minecraft:killed":{"minecraft:zombified_piglin":4,"minecraft:witch":1,"minecraft:spider":35,"minecraft:skeleton":46,"minecraft:chicken":6,"minecraft:piglin_brute":9,"minecraft:piglin":9,"minecraft:pig":14,"minecraft:zombie_villager":2,"minecraft:creeper":20,"minecraft:sheep":17,"minecraft:zombie":74,"minecraft:cow":58,"minecraft:hoglin":2,"minecraft:enderman":5},"minecraft:mined":{"minecraft:large_amethyst_bud":1,"minecraft:white_bed":6,"minecraft:cobblestone_stairs":3,"minecraft:obsidian":6,"minecraft:budding_amethyst":10,"minecraft:grass_block":65,"minecraft:cracked_polished_blackstone_bricks":15,"minecraft:deepslate_bricks":3,"minecraft:nether_wart":6,"minecraft:polished_blackstone_bricks":21,"minecraft:glowstone":22,"minecraft:iron_ore":125,"minecraft:cobbled_deepslate":11,"minecraft:fire":12,"minecraft:pumpkin":6,"minecraft:deepslate_lapis_ore":9,"minecraft:anvil":1,"minecraft:enchanting_table":3,"minecraft:dirt_path":1,"minecraft:small_amethyst_bud":4,"minecraft:deepslate_redstone_ore":9,"minecraft:blackstone":1,"minecraft:medium_amethyst_bud":2,"minecraft:amethyst_cluster":1,"minecraft:torch":132,"minecraft:calcite":2,"minecraft:poppy":2,"minecraft:melon":102,"minecraft:chest":4,"minecraft:nether_quartz_ore":159,"minecraft:cobblestone":36,"minecraft:sugar_cane":214,"minecraft:oak_planks":37,"minecraft:wall_torch":30,"minecraft:amethyst_block":83,"minecraft:birch_log":12,"minecraft:wheat":88,"minecraft:tnt":3,"minecraft:oak_log":815,"minecraft:sand":59,"minecraft:dirt":192,"minecraft:smooth_basalt":1,"minecraft:stonecutter":1,"minecraft:netherrack":242,"minecraft:oak_leaves":312,"minecraft:deepslate":785,"minecraft:nether_gold_ore":97,"minecraft:tuff":77,"minecraft:deepslate_diamond_ore":73,"minecraft:stripped_birch_log":4,"minecraft:spruce_leaves":5,"minecraft:hay_block":28,"minecraft:furnace":8,"minecraft:carrots":76,"minecraft:andesite":3,"minecraft:bookshelf":1,"minecraft:potatoes":4,"minecraft:deepslate_iron_ore":20,"minecraft:rail":1,"minecraft:stripped_oak_log":4,"minecraft:packed_ice":3,"minecraft:stone":825,"minecraft:soul_sand":4,"minecraft:dandelion":2,"minecraft:crafting_table":9,"minecraft:cornflower":1,"minecraft:short_grass":96,"minecraft:tall_grass":3,"minecraft:copper_ore":8,"minecraft:lapis_ore":2,"minecraft:deepslate_gold_ore":48,"minecraft:polished_blackstone_brick_stairs":2,"minecraft:diorite":3,"minecraft:birch_leaves":27,"minecraft:coal_ore":179,"minecraft:gravel":14,"minecraft:cobweb":9,"minecraft:stone_bricks":9,"minecraft:gold_ore":9},"minecraft:crafted":{"minecraft:oak_planks":748,"minecraft:cooked_chicken":6,"minecraft:stone":205,"minecraft:bookshelf":19,"minecraft:cooked_mutton":10,"minecraft:bow":1,"minecraft:iron_boots":1,"minecraft:melon_seeds":2,"minecraft:chest":5,"minecraft:stone_bricks":80,"minecraft:oak_fence":18,"minecraft:golden_boots":1,"minecraft:cooked_porkchop":28,"minecraft:diamond_axe":1,"minecraft:crafting_table":3,"minecraft:wooden_pickaxe":1,"minecraft:iron_helmet":1,"minecraft:copper_ingot":2,"minecraft:oak_wood":3,"minecraft:tnt":4,"minecraft:stone_brick_stairs":4,"minecraft:wooden_hoe":1,"minecraft:iron_chestplate":2,"minecraft:book":65,"minecraft:paper":202,"minecraft:diamond_pickaxe":1,"minecraft:stick":68,"minecraft:iron_pickaxe":2,"minecraft:iron_ingot":126,"minecraft:iron_block":5,"minecraft:stone_sword":1,"minecraft:gold_ingot":59,"minecraft:shears":2,"minecraft:golden_carrot":61,"minecraft:fishing_rod":1,"minecraft:spyglass":1,"minecraft:furnace":9,"minecraft:bone_meal":120,"minecraft:flint_and_steel":1,"minecraft:iron_hoe":1,"minecraft:stone_pickaxe":1,"minecraft:cooked_beef":5,"minecraft:enchanting_table":1,"minecraft:iron_sword":1,"minecraft:bucket":2,"minecraft:stone_axe":1,"minecraft:glowstone":9,"minecraft:air":0,"minecraft:oak_fence_gate":1,"minecraft:white_wool":9,"minecraft:gold_nugget":477,"minecraft:iron_shovel":1,"minecraft:iron_leggings":1,"minecraft:stonecutter":1,"minecraft:anvil":1,"minecraft:white_bed":3,"minecraft:torch":116},"minecraft:custom":{"minecraft:animals_bred":34,"minecraft:interact_with_crafting_table":107,"minecraft:bell_ring":13,"minecraft:leave_game":15,"minecraft:time_since_death":773,"minecraft:sprint_one_cm":2072295,"minecraft:drop":174,"minecraft:talked_to_villager":1,"minecraft:play_time":700624,"minecraft:deaths":34,"minecraft:jump":14114,"minecraft:walk_on_water_one_cm":85382,"minecraft:enchant_item":17,"minecraft:interact_with_furnace":160,"minecraft:sleep_in_bed":10,"minecraft:damage_dealt":53956,"minecraft:player_kills":13,"minecraft:crouch_one_cm":96105,"minecraft:horse_one_cm":98010,"minecraft:mob_kills":305,"minecraft:interact_with_anvil":4,"minecraft:climb_one_cm":9905,"minecraft:walk_one_cm":1870920,"minecraft:sneak_time":37088,"minecraft:walk_under_water_one_cm":39771,"minecraft:total_world_time":700624,"minecraft:interact_with_stonecutter":10,"minecraft:time_since_rest":806,"minecraft:damage_taken":17225,"minecraft:swim_one_cm":73780,"minecraft:fly_one_cm":2570759,"minecraft:open_chest":431,"minecraft:fish_caught":6,"minecraft:fall_one_cm":470079},"minecraft:dropped":{"minecraft:iron_sword":1,"minecraft:diamond_axe":1,"minecraft:cooked_beef":6,"minecraft:oak_log":64,"minecraft:cooked_porkchop":16,"minecraft:flint":2,"minecraft:gold_block":1,"minecraft:dirt":396,"minecraft:gold_nugget":16,"minecraft:sand":42,"minecraft:iron_pickaxe":1,"minecraft:gold_ingot":2,"minecraft:bone":3,"minecraft:sugar_cane":2,"minecraft:spyglass":2,"minecraft:cobbled_deepslate":142,"minecraft:rotten_flesh":26,"minecraft:oak_planks":128,"minecraft:cooked_mutton":4,"minecraft:gunpowder":2,"minecraft:chest":1,"minecraft:arrow":1,"minecraft:beef":1,"minecraft:oak_leaves":1,"minecraft:netherrack":39,"minecraft:enchanting_table":1,"minecraft:enchanted_book":5,"minecraft:iron_ingot":6,"minecraft:wheat_seeds":5,"minecraft:cobblestone":12,"minecraft:spectral_arrow":11,"minecraft:apple":4,"minecraft:grass_block":3,"minecraft:stick":44,"minecraft:diorite":1,"minecraft:golden_carrot":15,"minecraft:torch":19,"minecraft:melon_slice":25,"minecraft:iron_shovel":1,"minecraft:dandelion":3,"minecraft:redstone":1,"minecraft:stone_sword":1,"minecraft:tuff":18,"minecraft:stripped_oak_log":1,"minecraft:shears":2,"minecraft:diamond_sword":1,"minecraft:diamond_pickaxe":1,"minecraft:iron_chestplate":1,"minecraft:oak_sapling":1,"minecraft:spider_eye":4,"minecraft:bow":1,"minecraft:raw_gold":13},"minecraft:broken":{"minecraft:golden_boots":2,"minecraft:iron_boots":1,"minecraft:iron_chestplate":1,"minecraft:iron_leggings":1,"minecraft:stone_pickaxe":1,"minecraft:stone_axe":1,"minecraft:wooden_pickaxe":1,"minecraft:iron_pickaxe":1,"minecraft:iron_helmet":1,"minecraft:wooden_hoe":1},"minecraft:used":{"minecraft:iron_shovel":36,"minecraft:chest":6,"minecraft:iron_sword":98,"minecraft:rotten_flesh":10,"minecraft:mutton":1,"minecraft:carrot":111,"minecraft:tuff":13,"minecraft:grass_block":1,"minecraft:stone_brick_stairs":4,"minecraft:stone_bricks":71,"minecraft:item_frame":1,"minecraft:bow":26,"minecraft:furnace":14,"minecraft:oak_sapling":6,"minecraft:gold_block":1,"minecraft:egg":6,"minecraft:potato":17,"minecraft:golden_boots":1,"minecraft:short_grass":2,"minecraft:stripped_birch_log":1,"minecraft:oak_planks":335,"minecraft:stone_pickaxe":132,"minecraft:wooden_pickaxe":59,"minecraft:sugar_cane":34,"minecraft:diamond_axe":1432,"minecraft:oak_leaves":89,"minecraft:crossbow":29,"minecraft:shears":109,"minecraft:melon_slice":444,"minecraft:gravel":5,"minecraft:pufferfish":1,"minecraft:andesite":3,"minecraft:birch_log":12,"minecraft:bone_meal":126,"minecraft:oak_fence":14,"minecraft:enchanting_table":3,"minecraft:stone_sword":108,"minecraft:flint_and_steel":38,"minecraft:cooked_chicken":6,"minecraft:netherrack":128,"minecraft:torch":267,"minecraft:dirt":183,"minecraft:spyglass":104,"minecraft:anvil":2,"minecraft:cobblestone_wall":11,"minecraft:oak_wood":1,"minecraft:oak_fence_gate":1,"minecraft:iron_hoe":276,"minecraft:bookshelf":19,"minecraft:polished_blackstone_brick_stairs":2,"minecraft:melon_seeds":6,"minecraft:glowstone":9,"minecraft:golden_carrot":19,"minecraft:cooked_beef":2,"minecraft:cobbled_deepslate":28,"minecraft:calcite":2,"minecraft:wheat_seeds":88,"minecraft:cooked_mutton":6,"minecraft:water_bucket":34,"minecraft:amethyst_block":16,"minecraft:cobblestone_stairs":3,"minecraft:stonecutter":2,"minecraft:cobblestone_slab":2,"minecraft:deepslate_bricks":65,"minecraft:polished_blackstone_bricks":1,"minecraft:tnt":7,"minecraft:crafting_table":9,"minecraft:white_bed":11,"minecraft:oak_log":22,"minecraft:wooden_hoe":47,"minecraft:diamond_pickaxe":2501,"minecraft:iron_pickaxe":251,"minecraft:stone_axe":112,"minecraft:fishing_rod":15,"minecraft:cobblestone":244,"minecraft:cooked_porkchop":12,"minecraft:bucket":36}},"DataVersion":3839}