{"stats":{"minecraft:killed_by":{"minecraft:drowned":1,"minecraft:player":5,"minecraft:enderman":1},"minecraft:mined":{"minecraft:large_amethyst_bud":1,"minecraft:white_bed":6,"minecraft:obsidian":6,"minecraft:budding_amethyst":10,"minecraft:grass_block":61,"minecraft:deepslate_bricks":3,"minecraft:glowstone":22,"minecraft:iron_ore":125,"minecraft:cobbled_deepslate":9,"minecraft:fire":4,"minecraft:pumpkin":6,"minecraft:deepslate_lapis_ore":7,"minecraft:anvil":1,"minecraft:enchanting_table":3,"minecraft:dirt_path":1,"minecraft:small_amethyst_bud":4,"minecraft:deepslate_redstone_ore":8,"minecraft:medium_amethyst_bud":2,"minecraft:amethyst_cluster":1,"minecraft:torch":124,"minecraft:calcite":2,"minecraft:poppy":2,"minecraft:melon":90,"minecraft:chest":3,"minecraft:nether_quartz_ore":76,"minecraft:cobblestone":35,"minecraft:sugar_cane":186,"minecraft:oak_planks":37,"minecraft:wall_torch":24,"minecraft:amethyst_block":83,"minecraft:birch_log":12,"minecraft:wheat":56,"minecraft:oak_log":804,"minecraft:sand":31,"minecraft:dirt":152,"minecraft:smooth_basalt":1,"minecraft:stonecutter":1,"minecraft:netherrack":126,"minecraft:oak_leaves":226,"minecraft:deepslate":431,"minecraft:nether_gold_ore":76,"minecraft:tuff":45,"minecraft:deepslate_diamond_ore":67,"minecraft:stripped_birch_log":4,"minecraft:spruce_leaves":5,"minecraft:hay_block":28,"minecraft:furnace":8,"minecraft:carrots":76,"minecraft:andesite":3,"minecraft:bookshelf":1,"minecraft:potatoes":4,"minecraft:deepslate_iron_ore":20,"minecraft:rail":1,"minecraft:stripped_oak_log":4,"minecraft:packed_ice":3,"minecraft:stone":815,"minecraft:dandelion":2,"minecraft:crafting_table":8,"minecraft:cornflower":1,"minecraft:short_grass":96,"minecraft:tall_grass":3,"minecraft:copper_ore":8,"minecraft:lapis_ore":2,"minecraft:deepslate_gold_ore":33,"minecraft:diorite":3,"minecraft:birch_leaves":7,"minecraft:coal_ore":179,"minecraft:gravel":12,"minecraft:cobweb":9,"minecraft:stone_bricks":9,"minecraft:gold_ore":9},"minecraft:custom":{"minecraft:animals_bred":31,"minecraft:interact_with_crafting_table":106,"minecraft:bell_ring":13,"minecraft:leave_game":13,"minecraft:time_since_death":53444,"minecraft:sprint_one_cm":1741526,"minecraft:drop":151,"minecraft:talked_to_villager":1,"minecraft:play_time":545683,"minecraft:deaths":14,"minecraft:jump":11412,"minecraft:walk_on_water_one_cm":78092,"minecraft:enchant_item":17,"minecraft:interact_with_furnace":156,"minecraft:sleep_in_bed":10,"minecraft:damage_dealt":40592,"minecraft:player_kills":7,"minecraft:crouch_one_cm":83328,"minecraft:horse_one_cm":98010,"minecraft:mob_kills":254,"minecraft:interact_with_anvil":4,"minecraft:climb_one_cm":1192,"minecraft:walk_one_cm":1557028,"minecraft:sneak_time":31687,"minecraft:walk_under_water_one_cm":34795,"minecraft:total_world_time":545683,"minecraft:interact_with_stonecutter":10,"minecraft:time_since_rest":4987,"minecraft:damage_taken":9259,"minecraft:swim_one_cm":73780,"minecraft:fly_one_cm":2112830,"minecraft:open_chest":361,"minecraft:fish_caught":6,"minecraft:fall_one_cm":359726},"minecraft:dropped":{"minecraft:iron_sword":1,"minecraft:diamond_axe":1,"minecraft:cooked_beef":6,"minecraft:cooked_porkchop":16,"minecraft:flint":2,"minecraft:dirt":75,"minecraft:gold_nugget":16,"minecraft:sand":42,"minecraft:iron_pickaxe":1,"minecraft:gold_ingot":2,"minecraft:sugar_cane":2,"minecraft:spyglass":2,"minecraft:cobbled_deepslate":142,"minecraft:rotten_flesh":22,"minecraft:oak_planks":128,"minecraft:cooked_mutton":4,"minecraft:chest":1,"minecraft:beef":1,"minecraft:oak_leaves":1,"minecraft:netherrack":39,"minecraft:enchanting_table":1,"minecraft:enchanted_book":5,"minecraft:iron_ingot":6,"minecraft:wheat_seeds":5,"minecraft:cobblestone":12,"minecraft:apple":4,"minecraft:grass_block":3,"minecraft:stick":44,"minecraft:diorite":1,"minecraft:golden_carrot":15,"minecraft:torch":19,"minecraft:melon_slice":25,"minecraft:iron_shovel":1,"minecraft:dandelion":3,"minecraft:redstone":1,"minecraft:stone_sword":1,"minecraft:tuff":18,"minecraft:stripped_oak_log":1,"minecraft:diamond_sword":1,"minecraft:iron_chestplate":1,"minecraft:diamond_pickaxe":1,"minecraft:spider_eye":4,"minecraft:raw_gold":13},"minecraft:broken":{"minecraft:golden_boots":1,"minecraft:stone_pickaxe":1,"minecraft:stone_axe":1,"minecraft:wooden_pickaxe":1,"minecraft:iron_pickaxe":1,"minecraft:wooden_hoe":1},"minecraft:used":{"minecraft:iron_shovel":36,"minecraft:chest":5,"minecraft:iron_sword":98,"minecraft:rotten_flesh":10,"minecraft:mutton":1,"minecraft:carrot":111,"minecraft:tuff":13,"minecraft:stone_brick_stairs":4,"minecraft:stone_bricks":71,"minecraft:item_frame":1,"minecraft:furnace":14,"minecraft:oak_sapling":5,"minecraft:egg":6,"minecraft:potato":17,"minecraft:golden_boots":1,"minecraft:short_grass":2,"minecraft:stripped_birch_log":1,"minecraft:stone_pickaxe":132,"minecraft:oak_planks":333,"minecraft:wooden_pickaxe":59,"minecraft:diamond_axe":1248,"minecraft:sugar_cane":34,"minecraft:oak_leaves":89,"minecraft:shears":109,"minecraft:melon_slice":377,"minecraft:gravel":5,"minecraft:pufferfish":1,"minecraft:birch_log":12,"minecraft:andesite":3,"minecraft:bone_meal":126,"minecraft:oak_fence":14,"minecraft:enchanting_table":3,"minecraft:stone_sword":108,"minecraft:flint_and_steel":9,"minecraft:cooked_chicken":6,"minecraft:netherrack":46,"minecraft:torch":222,"minecraft:dirt":139,"minecraft:spyglass":61,"minecraft:anvil":2,"minecraft:cobblestone_wall":11,"minecraft:oak_wood":1,"minecraft:oak_fence_gate":1,"minecraft:iron_hoe":164,"minecraft:bookshelf":19,"minecraft:melon_seeds":4,"minecraft:glowstone":9,"minecraft:golden_carrot":2,"minecraft:cooked_beef":2,"minecraft:cobbled_deepslate":14,"minecraft:calcite":2,"minecraft:wheat_seeds":55,"minecraft:cooked_mutton":6,"minecraft:water_bucket":20,"minecraft:amethyst_block":16,"minecraft:stonecutter":2,"minecraft:deepslate_bricks":65,"minecraft:crafting_table":8,"minecraft:white_bed":11,"minecraft:oak_log":22,"minecraft:wooden_hoe":47,"minecraft:diamond_pickaxe":1805,"minecraft:iron_pickaxe":251,"minecraft:stone_axe":112,"minecraft:fishing_rod":15,"minecraft:cobblestone":233,"minecraft:cooked_porkchop":12,"minecraft:bucket":23},"minecraft:picked_up":{"minecraft:wheat":55,"minecraft:anvil":1,"minecraft:diamond_sword":1,"minecraft:enchanted_book":6,"minecraft:amethyst_block":81,"minecraft:string":41,"minecraft:raw_copper":36,"minecraft:pufferfish":1,"minecraft:gold_nugget":290,"minecraft:cobbled_deepslate":451,"minecraft:calcite":2,"minecraft:melon_slice":462,"minecraft:furnace":6,"minecraft:stick":52,"minecraft:torch":172,"minecraft:porkchop":28,"minecraft:diorite":3,"minecraft:stone_sword":3,"minecraft:rotten_flesh":65,"minecraft:obsidian":6,"minecraft:cod":5,"minecraft:cobblestone":925,"minecraft:birch_log":12,"minecraft:enchanting_table":3,"minecraft:feather":8,"minecraft:cooked_beef":3,"minecraft:andesite":3,"minecraft:potato":17,"minecraft:flint":2,"minecraft:tuff":46,"minecraft:dirt":505,"minecraft:stripped_birch_log":4,"minecraft:lapis_lazuli":106,"minecraft:bone":46,"minecraft:stonecutter":1,"minecraft:bow":3,"minecraft:wheat_seeds":168,"minecraft:raw_gold":42,"minecraft:glowstone_dust":150,"minecraft:oak_planks":56,"minecraft:cooked_porkchop":2,"minecraft:sand":42,"minecraft:grass_block":3,"minecraft:diamond":77,"minecraft:bone_meal":6,"minecraft:oak_sapling":60,"minecraft:netherrack":115,"minecraft:oak_leaves":109,"minecraft:diamond_pickaxe":1,"minecraft:crafting_table":8,"minecraft:chicken":6,"minecraft:cornflower":1,"minecraft:item_frame":1,"minecraft:beef":94,"minecraft:poppy":3,"minecraft:light_gray_wool":3,"minecraft:sugar_cane":243,"minecraft:chest":4,"minecraft:birch_sapling":1,"minecraft:egg":13,"minecraft:raw_iron":192,"minecraft:carrot":248,"minecraft:redstone":36,"minecraft:arrow":56,"minecraft:deepslate_bricks":3,"minecraft:hay_block":28,"minecraft:gold_ingot":27,"minecraft:mutton":26,"minecraft:white_wool":254,"minecraft:rail":1,"minecraft:stripped_oak_log":4,"minecraft:glow_ink_sac":8,"minecraft:leather":65,"minecraft:oak_log":827,"minecraft:gunpowder":20,"minecraft:wooden_hoe":1,"minecraft:paper":2,"minecraft:apple":13,"minecraft:stone_bricks":11,"minecraft:stone_pickaxe":1,"minecraft:iron_sword":1,"minecraft:book":3,"minecraft:smooth_basalt":1,"minecraft:pumpkin":6,"minecraft:quartz":76,"minecraft:dandelion":6,"minecraft:spyglass":2,"minecraft:gravel":12,"minecraft:amethyst_shard":4,"minecraft:white_bed":8,"minecraft:spider_eye":13,"minecraft:stone_axe":1,"minecraft:diamond_axe":1,"minecraft:gray_wool":5,"minecraft:black_wool":2,"minecraft:coal":190,"minecraft:ender_pearl":2},"minecraft:killed":{"minecraft:zombified_piglin":2,"minecraft:spider":33,"minecraft:skeleton":38,"minecraft:chicken":6,"minecraft:pig":14,"minecraft:zombie_villager":1,"minecraft:creeper":19,"minecraft:sheep":17,"minecraft:zombie":60,"minecraft:cow":58,"minecraft:enderman":4},"minecraft:crafted":{"minecraft:oak_planks":748,"minecraft:cooked_chicken":6,"minecraft:stone":205,"minecraft:bookshelf":19,"minecraft:cooked_mutton":10,"minecraft:bow":1,"minecraft:iron_boots":1,"minecraft:chest":5,"minecraft:stone_bricks":80,"minecraft:oak_fence":18,"minecraft:golden_boots":1,"minecraft:cooked_porkchop":28,"minecraft:diamond_axe":1,"minecraft:crafting_table":3,"minecraft:wooden_pickaxe":1,"minecraft:iron_helmet":1,"minecraft:copper_ingot":2,"minecraft:oak_wood":3,"minecraft:stone_brick_stairs":4,"minecraft:wooden_hoe":1,"minecraft:iron_chestplate":2,"minecraft:book":65,"minecraft:paper":202,"minecraft:diamond_pickaxe":1,"minecraft:stick":68,"minecraft:iron_pickaxe":2,"minecraft:iron_ingot":126,"minecraft:iron_block":5,"minecraft:stone_sword":1,"minecraft:gold_ingot":59,"minecraft:shears":2,"minecraft:golden_carrot":61,"minecraft:fishing_rod":1,"minecraft:spyglass":1,"minecraft:furnace":9,"minecraft:bone_meal":120,"minecraft:flint_and_steel":1,"minecraft:iron_hoe":1,"minecraft:stone_pickaxe":1,"minecraft:cooked_beef":5,"minecraft:enchanting_table":1,"minecraft:iron_sword":1,"minecraft:bucket":2,"minecraft:stone_axe":1,"minecraft:glowstone":9,"minecraft:air":0,"minecraft:oak_fence_gate":1,"minecraft:white_wool":9,"minecraft:gold_nugget":477,"minecraft:iron_shovel":1,"minecraft:iron_leggings":1,"minecraft:stonecutter":1,"minecraft:anvil":1,"minecraft:white_bed":3,"minecraft:torch":116}},"DataVersion":3839}