{"stats":{"minecraft:custom":{"minecraft:jump":33,"minecraft:intelligence":0,"minecraft:time_since_rest":2089,"minecraft:energy":50,"minecraft:blood":0,"minecraft:magic_shield":0,"minecraft:leave_game":1,"minecraft:health":70,"minecraft:sprint_one_cm":2224,"minecraft:play_time":2089,"minecraft:move_speed":0,"minecraft:time_since_death":2089,"minecraft:walk_one_cm":2171,"minecraft:strength":0,"minecraft:total_world_time":2089,"minecraft:fall_one_cm":627,"minecraft:mana":50,"minecraft:fly_one_cm":3872,"minecraft:dexterity":0}},"DataVersion":3465}