{"stats":{"minecraft:killed_by":{"minecraft:skeleton":1},"minecraft:dropped":{"minecraft:enchanted_book":1,"minecraft:iron_sword":7,"minecraft:golden_helmet":2,"minecraft:cocoa_beans":12,"minecraft:cooked_porkchop":1,"minecraft:iron_helmet":2,"minecraft:rotten_flesh":13,"mmorpg:gems/tourmaline/0":1,"mmorpg:jewelry/necklace/iron":1,"mmorpg:weapon/staff/wood":1,"minecraft:stick":5,"minecraft:dirt":17,"minecraft:shield":5,"minecraft:gunpowder":6,"minecraft:melon_slice":2,"biomesoplenty:wildflower":1,"minecraft:oak_sapling":1,"minecraft:fire_charge":1,"minecraft:golden_sword":1,"minecraft:spider_eye":3,"minecraft:arrow":17,"minecraft:bow":7,"mmorpg:jewelry/ring/iron":1,"minecraft:stone_pickaxe":2,"minecraft:wooden_pickaxe":1,"mmorpg:skill_gems/aura/str":1,"minecraft:redstone":5},"minecraft:mined":{"minecraft:deepslate_redstone_ore":2,"iceandfire:silver_ore":14,"minecraft:deepslate_diamond_ore":10,"biomesoplenty:wildflower":1,"minecraft:crafting_table":2,"biomesoplenty:bush":1,"minecraft:melon":9,"minecraft:cobblestone":4,"minecraft:tall_grass":2,"minecraft:deepslate_gold_ore":17,"minecraft:large_fern":1,"minecraft:furnace":2,"biomesoplenty:toadstool":1,"biomesoplenty:mahogany_log":14,"minecraft:iron_ore":44,"minecraft:grass":4,"minecraft:oak_log":9,"minecraft:coal_ore":45,"minecraft:deepslate_iron_ore":4,"minecraft:cocoa":2,"biomesoplenty:webbing":1,"minecraft:cobweb":1,"minecraft:stone":52,"minecraft:deepslate":3,"minecraft:oak_leaves":8},"minecraft:killed":{"minecraft:pig":6,"minecraft:spider":7,"alexsmobs:enderiophage":3,"alexsmobs:seagull":1,"minecraft:creeper":9,"minecraft:skeleton":9,"minecraft:zombie":22,"alexsmobs:terrapin":2,"minecraft:chicken":1,"minecraft:enderman":3},"minecraft:crafted":{"minecraft:oak_planks":36,"minecraft:cooked_porkchop":4,"iceandfire:silver_ingot":14,"minecraft:crafting_table":1,"minecraft:wooden_pickaxe":1,"minecraft:furnace":1,"minecraft:stone_axe":1,"minecraft:air":0,"tombstone:grave_key":1,"minecraft:stick":24,"minecraft:stone_pickaxe":2,"minecraft:torch":36,"iceandfire:silver_pickaxe":1},"minecraft:custom":{"minecraft:blood":0,"minecraft:interact_with_furnace":12,"minecraft:mob_kills":63,"minecraft:dexterity":5,"minecraft:intelligence":13,"minecraft:move_speed":0,"minecraft:interact_with_crafting_table":10,"minecraft:leave_game":2,"minecraft:time_since_death":14605,"minecraft:climb_one_cm":135,"minecraft:levels_gained":6,"minecraft:mana":288,"minecraft:time_since_rest":13449,"minecraft:magic_shield":12,"minecraft:sprint_one_cm":190776,"minecraft:damage_absorbed":491,"minecraft:damage_taken":1426,"minecraft:walk_one_cm":236711,"minecraft:drop":57,"minecraft:damage_dealt":256,"minecraft:health":195,"minecraft:deaths":1,"minecraft:swim_one_cm":30931,"minecraft:fly_one_cm":326096,"minecraft:player_kills":1,"minecraft:open_chest":2,"minecraft:crouch_one_cm":5268,"minecraft:play_time":116004,"tombstone:undead_killed":31,"minecraft:sneak_time":2942,"minecraft:walk_under_water_one_cm":22438,"minecraft:jump":1827,"minecraft:energy":150,"minecraft:walk_on_water_one_cm":33834,"minecraft:strength":15,"minecraft:total_world_time":116004,"minecraft:fall_one_cm":52104},"minecraft:used":{"minecraft:moss_carpet":6,"minecraft:stone_pickaxe":115,"minecraft:wooden_pickaxe":46,"minecraft:rotten_flesh":1,"minecraft:torch":33,"minecraft:dirt":1,"minecraft:crafting_table":3,"biomesoplenty:wildflower":1,"iceandfire:silver_pickaxe":37,"minecraft:melon_slice":14,"biomesoplenty:toadstool":1,"mmorpg:weapon/staff/wood":2,"minecraft:stone_axe":32,"minecraft:cobblestone":28,"minecraft:furnace":1,"minecraft:cooked_porkchop":3,"tombstone:gift":2,"alexsmobs:animal_dictionary":1},"minecraft:picked_up":{"minecraft:cocoa_beans":12,"minecraft:crafting_table":2,"minecraft:allium":1,"mmorpg:skill_gems/aura/str":2,"mmorpg:jewelry/ring/iron":3,"mmorpg:chest/common_gear":1,"minecraft:oak_log":9,"minecraft:gunpowder":6,"minecraft:shield":4,"minecraft:string":5,"minecraft:dirt":18,"minecraft:moss_carpet":6,"mmorpg:currency/jewel_corrupt":1,"minecraft:iron_leggings":1,"minecraft:bone":5,"minecraft:bow":5,"minecraft:wheat_seeds":1,"minecraft:cobbled_deepslate":3,"minecraft:raw_gold":17,"minecraft:iron_ingot":1,"minecraft:melon_slice":49,"biomesoplenty:wildflower":2,"minecraft:golden_helmet":1,"minecraft:iron_sword":6,"minecraft:iron_boots":1,"minecraft:furnace":2,"biomesoplenty:toadstool":1,"minecraft:raw_iron":50,"mmorpg:stat_soul":1,"minecraft:porkchop":7,"mmorpg:jewelry/necklace/iron":1,"tombstone:grave_dust":8,"minecraft:redstone":5,"minecraft:spider_eye":3,"biomesoplenty:mahogany_log":12,"minecraft:arrow":17,"minecraft:rotten_flesh":17,"minecraft:diamond":10,"minecraft:iron_helmet":2,"alexsmobs:capsid":2,"mmorpg:chest/uncommon_gear":1,"tombstone:magic_scroll":1,"minecraft:oak_sapling":1,"mmorpg:skill_gems/aura/int":2,"minecraft:coal":47,"iceandfire:raw_silver":14,"minecraft:cobblestone":57,"minecraft:ender_pearl":2}},"DataVersion":3465}