{"stats":{"minecraft:mined":{"biomesoplenty:bush":1,"minecraft:oak_log":2,"minecraft:oak_leaves":5},"minecraft:custom":{"minecraft:time_since_rest":8305,"minecraft:blood":0,"minecraft:magic_shield":0,"minecraft:crouch_one_cm":66,"minecraft:sprint_one_cm":4531,"minecraft:play_time":8305,"minecraft:walk_one_cm":5418,"minecraft:sneak_time":100,"minecraft:dexterity":0,"minecraft:jump":74,"minecraft:intelligence":0,"minecraft:energy":50,"minecraft:leave_game":1,"minecraft:health":70,"minecraft:move_speed":0,"minecraft:time_since_death":8305,"minecraft:strength":0,"minecraft:total_world_time":8305,"minecraft:fly_one_cm":8108,"minecraft:fall_one_cm":3042,"minecraft:mana":50},"minecraft:picked_up":{"minecraft:oak_log":2}},"DataVersion":3465}