{"stats":{"minecraft:mined":{"minecraft:nether_gold_ore":76,"minecraft:large_amethyst_bud":1,"minecraft:tuff":45,"minecraft:white_bed":4,"minecraft:deepslate_diamond_ore":67,"minecraft:stripped_birch_log":4,"minecraft:obsidian":4,"minecraft:budding_amethyst":10,"minecraft:grass_block":36,"minecraft:deepslate_bricks":3,"minecraft:spruce_leaves":5,"minecraft:glowstone":22,"minecraft:furnace":8,"minecraft:carrots":45,"minecraft:iron_ore":117,"minecraft:fire":1,"minecraft:cobbled_deepslate":9,"minecraft:andesite":3,"minecraft:anvil":1,"minecraft:deepslate_lapis_ore":7,"minecraft:enchanting_table":3,"minecraft:bookshelf":1,"minecraft:deepslate_iron_ore":20,"minecraft:dirt_path":1,"minecraft:rail":1,"minecraft:small_amethyst_bud":4,"minecraft:stripped_oak_log":2,"minecraft:packed_ice":3,"minecraft:stone":784,"minecraft:deepslate_redstone_ore":8,"minecraft:medium_amethyst_bud":2,"minecraft:amethyst_cluster":1,"minecraft:dandelion":1,"minecraft:crafting_table":8,"minecraft:torch":113,"minecraft:short_grass":22,"minecraft:calcite":2,"minecraft:poppy":1,"minecraft:melon":70,"minecraft:chest":3,"minecraft:nether_quartz_ore":76,"minecraft:copper_ore":7,"minecraft:tall_grass":3,"minecraft:cobblestone":33,"minecraft:deepslate_gold_ore":33,"minecraft:lapis_ore":2,"minecraft:oak_planks":37,"minecraft:sugar_cane":129,"minecraft:diorite":3,"minecraft:wall_torch":14,"minecraft:amethyst_block":83,"minecraft:birch_log":12,"minecraft:wheat":34,"minecraft:birch_leaves":2,"minecraft:coal_ore":179,"minecraft:oak_log":192,"minecraft:gravel":12,"minecraft:sand":31,"minecraft:dirt":150,"minecraft:cobweb":9,"minecraft:smooth_basalt":1,"minecraft:stone_bricks":9,"minecraft:netherrack":126,"minecraft:gold_ore":9,"minecraft:oak_leaves":146,"minecraft:deepslate":431},"minecraft:dropped":{"minecraft:iron_ingot":6,"minecraft:iron_sword":1,"minecraft:diamond_axe":1,"minecraft:cooked_beef":6,"minecraft:cooked_porkchop":16,"minecraft:cobblestone":12,"minecraft:apple":4,"minecraft:grass_block":2,"minecraft:dirt":66,"minecraft:diorite":1,"minecraft:golden_carrot":15,"minecraft:torch":19,"minecraft:melon_slice":25,"minecraft:gold_nugget":16,"minecraft:sand":42,"minecraft:iron_pickaxe":1,"minecraft:redstone":1,"minecraft:gold_ingot":2,"minecraft:dandelion":3,"minecraft:spyglass":1,"minecraft:stone_sword":1,"minecraft:cobbled_deepslate":142,"minecraft:tuff":18,"minecraft:rotten_flesh":7,"minecraft:oak_planks":128,"minecraft:stripped_oak_log":1,"minecraft:cooked_mutton":4,"minecraft:diamond_sword":1,"minecraft:diamond_pickaxe":1,"minecraft:iron_chestplate":1,"minecraft:chest":1,"minecraft:raw_gold":13,"minecraft:oak_leaves":1,"minecraft:enchanting_table":1},"minecraft:custom":{"minecraft:interact_with_anvil":1,"minecraft:mob_kills":139,"minecraft:animals_bred":27,"minecraft:interact_with_crafting_table":92,"minecraft:leave_game":10,"minecraft:time_since_death":3016,"minecraft:sprint_one_cm":1080476,"minecraft:walk_one_cm":1195436,"minecraft:drop":127,"minecraft:play_time":405683,"minecraft:sneak_time":30247,"minecraft:deaths":13,"minecraft:walk_under_water_one_cm":31229,"minecraft:jump":7463,"minecraft:walk_on_water_one_cm":61861,"minecraft:enchant_item":10,"minecraft:total_world_time":405683,"minecraft:interact_with_furnace":128,"minecraft:interact_with_stonecutter":10,"minecraft:sleep_in_bed":6,"minecraft:time_since_rest":3051,"minecraft:damage_taken":7976,"minecraft:damage_dealt":22227,"minecraft:player_kills":5,"minecraft:swim_one_cm":58609,"minecraft:fly_one_cm":1175207,"minecraft:open_chest":256,"minecraft:crouch_one_cm":80187,"minecraft:fall_one_cm":247364,"minecraft:fish_caught":6},"minecraft:crafted":{"minecraft:golden_carrot":42,"minecraft:oak_planks":676,"minecraft:fishing_rod":1,"minecraft:spyglass":1,"minecraft:cooked_chicken":6,"minecraft:furnace":9,"minecraft:stone":131,"minecraft:bone_meal":108,"minecraft:bookshelf":7,"minecraft:cooked_mutton":10,"minecraft:flint_and_steel":1,"minecraft:iron_boots":1,"minecraft:stone_pickaxe":1,"minecraft:chest":3,"minecraft:stone_bricks":80,"minecraft:oak_fence":18,"minecraft:golden_boots":1,"minecraft:cooked_beef":5,"minecraft:cooked_porkchop":28,"minecraft:diamond_axe":1,"minecraft:crafting_table":3,"minecraft:enchanting_table":1,"minecraft:iron_helmet":1,"minecraft:wooden_pickaxe":1,"minecraft:iron_sword":1,"minecraft:copper_ingot":2,"minecraft:bucket":2,"minecraft:oak_wood":3,"minecraft:stone_axe":1,"minecraft:glowstone":9,"minecraft:air":0,"minecraft:oak_fence_gate":1,"minecraft:stone_brick_stairs":4,"minecraft:book":23,"minecraft:iron_chestplate":2,"minecraft:wooden_hoe":1,"minecraft:paper":69,"minecraft:diamond_pickaxe":1,"minecraft:gold_nugget":324,"minecraft:stick":68,"minecraft:iron_ingot":126,"minecraft:iron_pickaxe":2,"minecraft:iron_block":5,"minecraft:stone_sword":1,"minecraft:iron_shovel":1,"minecraft:gold_ingot":52,"minecraft:iron_leggings":1,"minecraft:stonecutter":1,"minecraft:anvil":1,"minecraft:white_bed":3,"minecraft:torch":116,"minecraft:shears":1},"minecraft:killed_by":{"minecraft:player":5,"minecraft:drowned":1},"minecraft:used":{"minecraft:oak_fence":14,"minecraft:stone_sword":108,"minecraft:enchanting_table":3,"minecraft:iron_shovel":25,"minecraft:flint_and_steel":1,"minecraft:chest":4,"minecraft:iron_sword":98,"minecraft:cooked_chicken":6,"minecraft:rotten_flesh":10,"minecraft:netherrack":46,"minecraft:torch":186,"minecraft:spyglass":12,"minecraft:dirt":102,"minecraft:mutton":1,"minecraft:anvil":1,"minecraft:cobblestone_wall":11,"minecraft:carrot":80,"minecraft:oak_wood":1,"minecraft:tuff":13,"minecraft:oak_fence_gate":1,"minecraft:bookshelf":7,"minecraft:stone_brick_stairs":4,"minecraft:melon_seeds":4,"minecraft:stone_bricks":71,"minecraft:item_frame":1,"minecraft:glowstone":9,"minecraft:golden_carrot":2,"minecraft:oak_sapling":5,"minecraft:furnace":10,"minecraft:egg":2,"minecraft:cooked_beef":2,"minecraft:calcite":2,"minecraft:golden_boots":1,"minecraft:cobbled_deepslate":14,"minecraft:short_grass":2,"minecraft:wheat_seeds":34,"minecraft:cooked_mutton":6,"minecraft:water_bucket":18,"minecraft:amethyst_block":16,"minecraft:stripped_birch_log":1,"minecraft:oak_planks":333,"minecraft:stone_pickaxe":132,"minecraft:wooden_pickaxe":59,"minecraft:sugar_cane":30,"minecraft:diamond_axe":366,"minecraft:stonecutter":1,"minecraft:deepslate_bricks":65,"minecraft:oak_leaves":89,"minecraft:crafting_table":8,"minecraft:white_bed":8,"minecraft:shears":109,"minecraft:oak_log":9,"minecraft:wooden_hoe":47,"minecraft:diamond_pickaxe":1760,"minecraft:iron_pickaxe":251,"minecraft:melon_slice":221,"minecraft:gravel":5,"minecraft:pufferfish":1,"minecraft:stone_axe":112,"minecraft:fishing_rod":15,"minecraft:cobblestone":231,"minecraft:cooked_porkchop":12,"minecraft:andesite":3,"minecraft:bucket":21,"minecraft:birch_log":12,"minecraft:bone_meal":114},"minecraft:broken":{"minecraft:golden_boots":1,"minecraft:wooden_pickaxe":1,"minecraft:stone_pickaxe":1,"minecraft:stone_axe":1,"minecraft:iron_pickaxe":1,"minecraft:wooden_hoe":1},"minecraft:killed":{"minecraft:zombified_piglin":2,"minecraft:spider":13,"minecraft:skeleton":21,"minecraft:chicken":6,"minecraft:pig":13,"minecraft:zombie_villager":1,"minecraft:creeper":9,"minecraft:sheep":12,"minecraft:zombie":40,"minecraft:enderman":3,"minecraft:cow":19},"minecraft:picked_up":{"minecraft:crafting_table":8,"minecraft:wheat":34,"minecraft:chicken":6,"minecraft:anvil":1,"minecraft:diamond_sword":1,"minecraft:enchanted_book":1,"minecraft:amethyst_block":81,"minecraft:string":22,"minecraft:raw_copper":31,"minecraft:item_frame":1,"minecraft:pufferfish":1,"minecraft:gold_nugget":290,"minecraft:cobbled_deepslate":451,"minecraft:beef":39,"minecraft:calcite":2,"minecraft:poppy":2,"minecraft:melon_slice":353,"minecraft:sugar_cane":156,"minecraft:chest":4,"minecraft:furnace":6,"minecraft:egg":2,"minecraft:stick":8,"minecraft:raw_iron":184,"minecraft:torch":150,"minecraft:porkchop":28,"minecraft:diorite":3,"minecraft:carrot":150,"minecraft:redstone":36,"minecraft:stone_sword":3,"minecraft:arrow":38,"minecraft:rotten_flesh":48,"minecraft:deepslate_bricks":3,"minecraft:gold_ingot":27,"minecraft:obsidian":4,"minecraft:mutton":17,"minecraft:cod":5,"minecraft:rail":1,"minecraft:white_wool":13,"minecraft:cobblestone":892,"minecraft:birch_log":12,"minecraft:stripped_oak_log":2,"minecraft:enchanting_table":3,"minecraft:feather":8,"minecraft:cooked_beef":3,"minecraft:glow_ink_sac":8,"minecraft:andesite":3,"minecraft:leather":23,"minecraft:potato":1,"minecraft:tuff":46,"minecraft:oak_log":218,"minecraft:gunpowder":10,"minecraft:wooden_hoe":1,"minecraft:lapis_lazuli":71,"minecraft:stripped_birch_log":4,"minecraft:dirt":334,"minecraft:bone":25,"minecraft:apple":6,"minecraft:stone_bricks":11,"minecraft:bow":1,"minecraft:wheat_seeds":101,"minecraft:raw_gold":42,"minecraft:stone_pickaxe":1,"minecraft:glowstone_dust":150,"minecraft:iron_sword":1,"minecraft:oak_planks":56,"minecraft:book":3,"minecraft:smooth_basalt":1,"minecraft:cooked_porkchop":2,"minecraft:quartz":76,"minecraft:dandelion":4,"minecraft:spyglass":1,"minecraft:gravel":12,"minecraft:sand":42,"minecraft:amethyst_shard":4,"minecraft:white_bed":6,"minecraft:grass_block":2,"minecraft:spider_eye":8,"minecraft:diamond":77,"minecraft:stone_axe":1,"minecraft:diamond_axe":1,"minecraft:bone_meal":6,"minecraft:gray_wool":1,"minecraft:oak_sapling":15,"minecraft:netherrack":115,"minecraft:black_wool":2,"minecraft:coal":190,"minecraft:oak_leaves":109,"minecraft:ender_pearl":2,"minecraft:diamond_pickaxe":1}},"DataVersion":3839}