{"stats":{"minecraft:picked_up":{"minecraft:crafting_table":8,"minecraft:wheat":60,"minecraft:chicken":6,"minecraft:anvil":1,"minecraft:diamond_sword":1,"minecraft:enchanted_book":1,"minecraft:amethyst_block":81,"minecraft:string":24,"minecraft:raw_copper":31,"minecraft:item_frame":1,"minecraft:pufferfish":1,"minecraft:gold_nugget":290,"minecraft:cobbled_deepslate":451,"minecraft:beef":49,"minecraft:calcite":2,"minecraft:poppy":2,"minecraft:melon_slice":422,"minecraft:sugar_cane":203,"minecraft:chest":4,"minecraft:furnace":6,"minecraft:egg":2,"minecraft:stick":10,"minecraft:raw_iron":184,"minecraft:torch":166,"minecraft:porkchop":29,"minecraft:diorite":3,"minecraft:carrot":199,"minecraft:redstone":36,"minecraft:stone_sword":3,"minecraft:arrow":43,"minecraft:rotten_flesh":59,"minecraft:deepslate_bricks":3,"minecraft:gold_ingot":27,"minecraft:obsidian":4,"minecraft:mutton":23,"minecraft:cod":5,"minecraft:rail":1,"minecraft:white_wool":17,"minecraft:cobblestone":916,"minecraft:birch_log":12,"minecraft:stripped_oak_log":2,"minecraft:enchanting_table":3,"minecraft:feather":8,"minecraft:cooked_beef":3,"minecraft:glow_ink_sac":8,"minecraft:andesite":3,"minecraft:leather":28,"minecraft:potato":42,"minecraft:tuff":46,"minecraft:oak_log":228,"minecraft:gunpowder":12,"minecraft:wooden_hoe":1,"minecraft:lapis_lazuli":71,"minecraft:stripped_birch_log":4,"minecraft:dirt":354,"minecraft:bone":31,"minecraft:apple":6,"minecraft:stone_bricks":12,"minecraft:bow":1,"minecraft:stonecutter":1,"minecraft:wheat_seeds":178,"minecraft:raw_gold":42,"minecraft:iron_ingot":1,"minecraft:stone_pickaxe":1,"minecraft:glowstone_dust":150,"minecraft:iron_sword":1,"minecraft:oak_planks":56,"minecraft:book":3,"minecraft:smooth_basalt":1,"minecraft:cooked_porkchop":2,"minecraft:quartz":76,"minecraft:dandelion":4,"minecraft:spyglass":1,"minecraft:gravel":12,"minecraft:sand":42,"minecraft:amethyst_shard":4,"minecraft:white_bed":6,"minecraft:grass_block":3,"minecraft:spider_eye":9,"minecraft:diamond":77,"minecraft:stone_axe":1,"minecraft:diamond_axe":1,"minecraft:bone_meal":6,"minecraft:gray_wool":1,"minecraft:oak_sapling":16,"minecraft:netherrack":115,"minecraft:black_wool":2,"minecraft:coal":190,"minecraft:oak_leaves":109,"minecraft:ender_pearl":2,"minecraft:diamond_pickaxe":1},"minecraft:broken":{"minecraft:golden_boots":1,"minecraft:wooden_pickaxe":1,"minecraft:stone_pickaxe":1,"minecraft:stone_axe":1,"minecraft:iron_pickaxe":1,"minecraft:wooden_hoe":1},"minecraft:killed":{"minecraft:zombified_piglin":2,"minecraft:spider":15,"minecraft:skeleton":26,"minecraft:chicken":6,"minecraft:pig":14,"minecraft:zombie_villager":1,"minecraft:creeper":11,"minecraft:sheep":16,"minecraft:zombie":50,"minecraft:enderman":4,"minecraft:cow":26},"minecraft:crafted":{"minecraft:golden_carrot":75,"minecraft:oak_planks":676,"minecraft:fishing_rod":1,"minecraft:spyglass":1,"minecraft:cooked_chicken":6,"minecraft:furnace":9,"minecraft:stone":131,"minecraft:bone_meal":132,"minecraft:bookshelf":8,"minecraft:cooked_mutton":10,"minecraft:flint_and_steel":1,"minecraft:iron_boots":1,"minecraft:iron_hoe":1,"minecraft:stone_pickaxe":1,"minecraft:chest":3,"minecraft:stone_bricks":80,"minecraft:oak_fence":18,"minecraft:golden_boots":1,"minecraft:cooked_beef":5,"minecraft:cooked_porkchop":28,"minecraft:diamond_axe":1,"minecraft:crafting_table":3,"minecraft:enchanting_table":1,"minecraft:iron_helmet":1,"minecraft:wooden_pickaxe":1,"minecraft:iron_sword":1,"minecraft:copper_ingot":2,"minecraft:bucket":2,"minecraft:oak_wood":3,"minecraft:stone_axe":1,"minecraft:glowstone":9,"minecraft:air":0,"minecraft:oak_fence_gate":1,"minecraft:stone_brick_stairs":4,"minecraft:book":27,"minecraft:iron_chestplate":2,"minecraft:wooden_hoe":1,"minecraft:paper":81,"minecraft:diamond_pickaxe":1,"minecraft:gold_nugget":738,"minecraft:stick":68,"minecraft:iron_ingot":126,"minecraft:iron_pickaxe":2,"minecraft:iron_block":5,"minecraft:stone_sword":1,"minecraft:iron_shovel":2,"minecraft:gold_ingot":81,"minecraft:iron_leggings":1,"minecraft:stonecutter":1,"minecraft:anvil":1,"minecraft:white_bed":3,"minecraft:torch":116,"minecraft:shears":1},"minecraft:dropped":{"minecraft:iron_ingot":6,"minecraft:iron_sword":1,"minecraft:diamond_axe":1,"minecraft:cooked_beef":6,"minecraft:cooked_porkchop":16,"minecraft:cobblestone":12,"minecraft:apple":4,"minecraft:grass_block":3,"minecraft:dirt":67,"minecraft:diorite":1,"minecraft:golden_carrot":15,"minecraft:torch":19,"minecraft:melon_slice":25,"minecraft:gold_nugget":16,"minecraft:sand":42,"minecraft:iron_pickaxe":1,"minecraft:redstone":1,"minecraft:gold_ingot":2,"minecraft:dandelion":3,"minecraft:spyglass":1,"minecraft:stone_sword":1,"minecraft:cobbled_deepslate":142,"minecraft:tuff":18,"minecraft:rotten_flesh":7,"minecraft:oak_planks":128,"minecraft:stripped_oak_log":1,"minecraft:cooked_mutton":4,"minecraft:diamond_sword":1,"minecraft:diamond_pickaxe":1,"minecraft:iron_chestplate":1,"minecraft:chest":1,"minecraft:stone_bricks":1,"minecraft:raw_gold":13,"minecraft:oak_leaves":1,"minecraft:enchanting_table":1},"minecraft:custom":{"minecraft:interact_with_anvil":4,"minecraft:mob_kills":172,"minecraft:animals_bred":37,"minecraft:interact_with_crafting_table":101,"minecraft:leave_game":13,"minecraft:time_since_death":56566,"minecraft:sprint_one_cm":1275586,"minecraft:walk_one_cm":1352230,"minecraft:drop":130,"minecraft:play_time":459233,"minecraft:sneak_time":30777,"minecraft:deaths":13,"minecraft:walk_under_water_one_cm":31516,"minecraft:jump":8225,"minecraft:walk_on_water_one_cm":66021,"minecraft:enchant_item":11,"minecraft:total_world_time":459233,"minecraft:interact_with_furnace":140,"minecraft:interact_with_stonecutter":11,"minecraft:sleep_in_bed":7,"minecraft:time_since_rest":5141,"minecraft:damage_taken":8278,"minecraft:damage_dealt":26958,"minecraft:player_kills":5,"minecraft:swim_one_cm":63228,"minecraft:fly_one_cm":1331604,"minecraft:open_chest":318,"minecraft:crouch_one_cm":81999,"minecraft:fall_one_cm":278226,"minecraft:fish_caught":6},"minecraft:used":{"minecraft:oak_fence":14,"minecraft:stone_sword":108,"minecraft:enchanting_table":3,"minecraft:iron_shovel":48,"minecraft:flint_and_steel":8,"minecraft:chest":4,"minecraft:iron_sword":98,"minecraft:cooked_chicken":6,"minecraft:rotten_flesh":10,"minecraft:netherrack":46,"minecraft:torch":204,"minecraft:spyglass":29,"minecraft:dirt":109,"minecraft:mutton":1,"minecraft:anvil":2,"minecraft:cobblestone_wall":11,"minecraft:carrot":96,"minecraft:oak_wood":1,"minecraft:tuff":13,"minecraft:oak_fence_gate":1,"minecraft:iron_hoe":95,"minecraft:bookshelf":8,"minecraft:stone_brick_stairs":4,"minecraft:melon_seeds":4,"minecraft:stone_bricks":71,"minecraft:item_frame":1,"minecraft:glowstone":9,"minecraft:golden_carrot":2,"minecraft:oak_sapling":5,"minecraft:furnace":14,"minecraft:egg":2,"minecraft:potato":42,"minecraft:cooked_beef":2,"minecraft:calcite":2,"minecraft:golden_boots":1,"minecraft:cobbled_deepslate":14,"minecraft:short_grass":2,"minecraft:wheat_seeds":61,"minecraft:cooked_mutton":6,"minecraft:water_bucket":21,"minecraft:amethyst_block":16,"minecraft:stripped_birch_log":1,"minecraft:oak_planks":333,"minecraft:stone_pickaxe":132,"minecraft:wooden_pickaxe":59,"minecraft:sugar_cane":30,"minecraft:diamond_axe":445,"minecraft:stonecutter":2,"minecraft:deepslate_bricks":65,"minecraft:oak_leaves":89,"minecraft:crafting_table":8,"minecraft:white_bed":9,"minecraft:shears":109,"minecraft:oak_log":9,"minecraft:wooden_hoe":47,"minecraft:diamond_pickaxe":1786,"minecraft:iron_pickaxe":251,"minecraft:melon_slice":260,"minecraft:gravel":5,"minecraft:pufferfish":1,"minecraft:stone_axe":112,"minecraft:fishing_rod":15,"minecraft:cobblestone":259,"minecraft:cooked_porkchop":12,"minecraft:andesite":3,"minecraft:bucket":24,"minecraft:birch_log":12,"minecraft:bone_meal":138},"minecraft:mined":{"minecraft:nether_gold_ore":76,"minecraft:large_amethyst_bud":1,"minecraft:tuff":45,"minecraft:white_bed":4,"minecraft:farmland":1,"minecraft:deepslate_diamond_ore":67,"minecraft:stripped_birch_log":4,"minecraft:obsidian":4,"minecraft:budding_amethyst":10,"minecraft:grass_block":48,"minecraft:deepslate_bricks":3,"minecraft:spruce_leaves":5,"minecraft:glowstone":22,"minecraft:furnace":8,"minecraft:carrots":61,"minecraft:iron_ore":117,"minecraft:fire":9,"minecraft:cobbled_deepslate":9,"minecraft:andesite":3,"minecraft:anvil":1,"minecraft:deepslate_lapis_ore":7,"minecraft:enchanting_table":3,"minecraft:bookshelf":1,"minecraft:potatoes":11,"minecraft:deepslate_iron_ore":20,"minecraft:dirt_path":1,"minecraft:rail":1,"minecraft:small_amethyst_bud":4,"minecraft:stripped_oak_log":2,"minecraft:packed_ice":3,"minecraft:stone":807,"minecraft:deepslate_redstone_ore":8,"minecraft:medium_amethyst_bud":2,"minecraft:amethyst_cluster":1,"minecraft:dandelion":1,"minecraft:crafting_table":8,"minecraft:torch":123,"minecraft:short_grass":27,"minecraft:calcite":2,"minecraft:poppy":1,"minecraft:melon":82,"minecraft:chest":3,"minecraft:nether_quartz_ore":76,"minecraft:copper_ore":7,"minecraft:tall_grass":3,"minecraft:cobblestone":34,"minecraft:deepslate_gold_ore":33,"minecraft:lapis_ore":2,"minecraft:oak_planks":37,"minecraft:sugar_cane":179,"minecraft:diorite":3,"minecraft:wall_torch":20,"minecraft:amethyst_block":83,"minecraft:birch_log":12,"minecraft:wheat":62,"minecraft:birch_leaves":2,"minecraft:coal_ore":179,"minecraft:oak_log":202,"minecraft:gravel":12,"minecraft:sand":31,"minecraft:dirt":157,"minecraft:cobweb":9,"minecraft:smooth_basalt":1,"minecraft:stone_bricks":10,"minecraft:stonecutter":1,"minecraft:netherrack":126,"minecraft:gold_ore":9,"minecraft:oak_leaves":195,"minecraft:deepslate":431},"minecraft:killed_by":{"minecraft:player":5,"minecraft:drowned":1}},"DataVersion":3839}