{"stat.pickup.tconstruct.book":2,"stat.pickup.techguns.itemshared":4,"stat.walkOneCm":56862,"stat.leaveGame":3,"stat.pickup.minecraft.arrow":1,"stat.pickup.techguns.t1_combat_chestplate":1,"stat.pickup.techguns.thompson":1,"stat.swimOneCm":6726,"stat.jump":202,"stat.entityKilledBy.techguns.ZombieFarmer":1,"stat.fallOneCm":3051,"stat.killEntity.techguns.ZombieSoldier":1,"stat.crouchOneCm":226,"stat.pickup.minecraft.dirt":2,"stat.sprintOneCm":35402,"stat.pickup.minecraft.rotten_flesh":2,"stat.killEntity.Skeleton":1,"stat.entityKilledBy.techguns.SkeletonSoldier":1,"stat.pickup.minecraft.wooden_pickaxe":1,"stat.damageTaken":3305,"stat.killEntity.techguns.ZombieMiner":1,"stat.mobKills":4,"stat.entityKilledBy.techguns.ZombieSoldier":4,"stat.flyOneCm":37638,"stat.deaths":12,"stat.pickup.minecraft.wheat_seeds":1,"stat.entityKilledBy.zombie_herobrine":4,"stat.playOneMinute":16490,"stat.sneakTime":99,"stat.killEntity.techguns.ZombieFarmer":1,"stat.damageDealt":538,"stat.timeSinceDeath":429,"stat.mineBlock.minecraft.dirt":2,"stat.diveOneCm":5206}