{"stats":{"minecraft:killed_by":{"minecraft:player":8,"minecraft:enderman":1,"minecraft:witch":1,"minecraft:zombie":6},"minecraft:picked_up":{"minecraft:wooden_axe":3,"minecraft:crafting_table":1,"minecraft:iron_chestplate":1,"minecraft:oak_stairs":9,"minecraft:amethyst_block":7,"minecraft:string":17,"minecraft:raw_copper":20,"minecraft:iron_axe":4,"minecraft:iron_shovel":1,"minecraft:cobbled_deepslate":64,"minecraft:calcite":13,"minecraft:poppy":2,"minecraft:iron_pickaxe":3,"minecraft:light_gray_wool":1,"minecraft:birch_sapling":9,"minecraft:egg":1,"minecraft:stick":29,"minecraft:raw_iron":31,"minecraft:torch":76,"minecraft:porkchop":14,"minecraft:diorite":4,"minecraft:stone_sword":3,"minecraft:rotten_flesh":37,"minecraft:stone_shovel":1,"minecraft:obsidian":1,"minecraft:mutton":14,"minecraft:white_wool":12,"minecraft:cobblestone":604,"minecraft:birch_log":45,"minecraft:cooked_beef":24,"minecraft:glow_ink_sac":63,"minecraft:birch_planks":16,"minecraft:flint":13,"minecraft:oak_log":388,"minecraft:gunpowder":2,"minecraft:cobblestone_stairs":2,"minecraft:dirt":1898,"minecraft:cooked_mutton":28,"minecraft:bone":4,"minecraft:apple":18,"minecraft:wheat_seeds":2,"minecraft:stone_pickaxe":2,"minecraft:glowstone_dust":320,"minecraft:oak_planks":114,"minecraft:smooth_basalt":2,"minecraft:cooked_porkchop":12,"minecraft:quartz":42,"minecraft:gravel":61,"minecraft:birch_stairs":1,"minecraft:ink_sac":2,"minecraft:white_bed":1,"minecraft:stone_axe":6,"minecraft:oak_sapling":21,"minecraft:melon_seeds":1,"minecraft:netherrack":28,"minecraft:coal":129},"minecraft:killed":{"minecraft:spider":5,"minecraft:skeleton":4,"minecraft:pig":9,"minecraft:zombie_villager":2,"minecraft:sheep":6,"minecraft:zombie":20,"minecraft:cow":1},"minecraft:mined":{"minecraft:white_bed":1,"minecraft:obsidian":1,"minecraft:grass_block":516,"minecraft:glowstone":25,"minecraft:iron_ore":2,"minecraft:cobbled_deepslate":1,"minecraft:fire":1,"minecraft:dirt_path":2,"minecraft:oak_stairs":2,"minecraft:stone":351,"minecraft:birch_stairs":1,"minecraft:short_grass":9,"minecraft:calcite":8,"minecraft:nether_quartz_ore":14,"minecraft:copper_ore":5,"minecraft:cobblestone":14,"minecraft:oak_planks":2,"minecraft:diorite":4,"minecraft:amethyst_block":3,"minecraft:birch_log":47,"minecraft:birch_leaves":5,"minecraft:oak_log":274,"minecraft:coal_ore":33,"minecraft:gravel":70,"minecraft:dirt":541,"minecraft:smooth_basalt":2,"minecraft:netherrack":5,"minecraft:oak_leaves":65,"minecraft:deepslate":9},"minecraft:crafted":{"minecraft:oak_planks":396,"minecraft:stone_shovel":6,"minecraft:cobblestone_stairs":12,"minecraft:flint_and_steel":1,"minecraft:iron_axe":1,"minecraft:stone_pickaxe":3,"minecraft:chest":2,"minecraft:oak_fence":27,"minecraft:diamond_sword":1,"minecraft:diamond_axe":1,"minecraft:crafting_table":3,"minecraft:wooden_pickaxe":1,"minecraft:birch_planks":20,"minecraft:stone_axe":2,"minecraft:diamond_pickaxe":1,"minecraft:stick":48,"minecraft:oak_stairs":20,"minecraft:wooden_axe":1,"minecraft:stone_sword":1,"minecraft:iron_shovel":1,"minecraft:torch":28,"minecraft:birch_stairs":8},"minecraft:custom":{"minecraft:mob_kills":48,"minecraft:interact_with_crafting_table":37,"minecraft:leave_game":4,"minecraft:time_since_death":131,"minecraft:climb_one_cm":1073,"minecraft:sprint_one_cm":788517,"minecraft:walk_one_cm":1201399,"minecraft:drop":36,"minecraft:talked_to_villager":4,"minecraft:play_time":324218,"minecraft:deaths":23,"minecraft:sneak_time":5406,"minecraft:walk_under_water_one_cm":17859,"minecraft:jump":3834,"minecraft:walk_on_water_one_cm":38423,"minecraft:total_world_time":324218,"minecraft:interact_with_furnace":5,"minecraft:sleep_in_bed":7,"minecraft:time_since_rest":157,"minecraft:damage_taken":6620,"minecraft:damage_dealt":9007,"minecraft:swim_one_cm":1538,"minecraft:fly_one_cm":517967,"minecraft:player_kills":3,"minecraft:open_chest":45,"minecraft:crouch_one_cm":19365,"minecraft:fall_one_cm":102208,"minecraft:horse_one_cm":100772},"minecraft:dropped":{"minecraft:porkchop":1,"minecraft:cooked_beef":3,"minecraft:oak_log":25,"minecraft:glow_ink_sac":9,"minecraft:cooked_porkchop":1,"minecraft:cobblestone":90,"minecraft:amethyst_block":1,"minecraft:coal":4,"minecraft:cobblestone_stairs":2,"minecraft:flint":2,"minecraft:dirt":269,"minecraft:diorite":4,"minecraft:string":5,"minecraft:white_wool":2,"minecraft:bone":1,"minecraft:stone_axe":1,"minecraft:cobbled_deepslate":9,"minecraft:birch_sapling":4,"minecraft:raw_iron":31,"minecraft:rotten_flesh":8,"minecraft:oak_planks":10,"minecraft:cooked_mutton":2,"minecraft:gunpowder":2,"minecraft:netherrack":4},"minecraft:broken":{"minecraft:iron_shovel":2,"minecraft:iron_pickaxe":1,"minecraft:stone_shovel":4},"minecraft:used":{"minecraft:oak_fence":25,"minecraft:stone_sword":24,"minecraft:iron_shovel":469,"minecraft:flint_and_steel":2,"minecraft:stone_shovel":604,"minecraft:chest":2,"minecraft:torch":49,"minecraft:dirt":498,"minecraft:mutton":5,"minecraft:obsidian":1,"minecraft:wooden_axe":14,"minecraft:iron_axe":160,"minecraft:oak_stairs":15,"minecraft:egg":1,"minecraft:cooked_beef":1,"minecraft:cobbled_deepslate":3,"minecraft:cooked_mutton":4,"minecraft:cobblestone_stairs":10,"minecraft:stone_pickaxe":66,"minecraft:oak_planks":206,"minecraft:wooden_pickaxe":3,"minecraft:diamond_axe":178,"minecraft:crafting_table":3,"minecraft:oak_log":105,"minecraft:diamond_pickaxe":155,"minecraft:apple":8,"minecraft:bread":5,"minecraft:iron_pickaxe":248,"minecraft:stone_axe":100,"minecraft:diamond_sword":112,"minecraft:cobblestone":276,"minecraft:cooked_porkchop":8,"minecraft:porkchop":8,"minecraft:birch_stairs":7}},"DataVersion":3839}