{"stats":{"minecraft:mined":{"minecraft:short_grass":2,"minecraft:grass_block":222,"minecraft:calcite":3,"minecraft:nether_quartz_ore":14,"minecraft:cobblestone":11,"minecraft:amethyst_block":1,"minecraft:glowstone":25,"minecraft:iron_ore":2,"minecraft:coal_ore":23,"minecraft:oak_log":110,"minecraft:oak_stairs":2,"minecraft:dirt":216,"minecraft:stone":233,"minecraft:netherrack":5,"minecraft:oak_leaves":30,"minecraft:deepslate":6},"minecraft:broken":{"minecraft:iron_pickaxe":1,"minecraft:stone_shovel":2},"minecraft:used":{"minecraft:cooked_mutton":2,"minecraft:stone_sword":24,"minecraft:stone_shovel":424,"minecraft:stone_pickaxe":66,"minecraft:oak_planks":71,"minecraft:wooden_pickaxe":3,"minecraft:torch":20,"minecraft:dirt":38,"minecraft:mutton":4,"minecraft:crafting_table":1,"minecraft:oak_log":62,"minecraft:wooden_axe":14,"minecraft:apple":2,"minecraft:oak_stairs":15,"minecraft:iron_axe":74,"minecraft:iron_pickaxe":248,"minecraft:stone_axe":100,"minecraft:cobblestone":161,"minecraft:cooked_porkchop":6,"minecraft:porkchop":5},"minecraft:crafted":{"minecraft:oak_planks":152,"minecraft:stone_shovel":5,"minecraft:crafting_table":1,"minecraft:wooden_pickaxe":1,"minecraft:stone_axe":2,"minecraft:iron_axe":1,"minecraft:stick":24,"minecraft:oak_stairs":20,"minecraft:stone_pickaxe":3,"minecraft:wooden_axe":1,"minecraft:stone_sword":1},"minecraft:killed":{"minecraft:pig":6,"minecraft:spider":2,"minecraft:sheep":3,"minecraft:zombie":4},"minecraft:picked_up":{"minecraft:wooden_axe":3,"minecraft:iron_chestplate":1,"minecraft:cooked_beef":21,"minecraft:glow_ink_sac":63,"minecraft:oak_stairs":9,"minecraft:flint":7,"minecraft:oak_log":229,"minecraft:gunpowder":2,"minecraft:amethyst_block":7,"minecraft:dirt":1334,"minecraft:string":15,"minecraft:iron_axe":4,"minecraft:cooked_mutton":26,"minecraft:bone":1,"minecraft:apple":16,"minecraft:cobbled_deepslate":60,"minecraft:stone_pickaxe":2,"minecraft:calcite":12,"minecraft:poppy":1,"minecraft:iron_pickaxe":3,"minecraft:light_gray_wool":1,"minecraft:glowstone_dust":320,"minecraft:oak_planks":112,"minecraft:stick":13,"minecraft:raw_iron":31,"minecraft:cooked_porkchop":12,"minecraft:torch":73,"minecraft:quartz":42,"minecraft:gravel":5,"minecraft:porkchop":11,"minecraft:stone_sword":3,"minecraft:stone_shovel":1,"minecraft:rotten_flesh":20,"minecraft:stone_axe":6,"minecraft:oak_sapling":10,"minecraft:netherrack":24,"minecraft:mutton":12,"minecraft:coal":119,"minecraft:white_wool":9,"minecraft:cobblestone":482},"minecraft:killed_by":{"minecraft:player":5,"minecraft:zombie":2},"minecraft:custom":{"minecraft:interact_with_furnace":4,"minecraft:mob_kills":15,"minecraft:interact_with_crafting_table":23,"minecraft:leave_game":1,"minecraft:time_since_death":923,"minecraft:sleep_in_bed":3,"minecraft:time_since_rest":1227,"minecraft:sprint_one_cm":281078,"minecraft:damage_taken":3340,"minecraft:walk_one_cm":581710,"minecraft:drop":15,"minecraft:damage_dealt":2869,"minecraft:swim_one_cm":1538,"minecraft:fly_one_cm":184617,"minecraft:player_kills":3,"minecraft:open_chest":4,"minecraft:crouch_one_cm":10475,"minecraft:play_time":140796,"minecraft:deaths":12,"minecraft:sneak_time":2980,"minecraft:walk_under_water_one_cm":15718,"minecraft:jump":1953,"minecraft:walk_on_water_one_cm":28453,"minecraft:total_world_time":140796,"minecraft:fall_one_cm":44995},"minecraft:dropped":{"minecraft:stone_axe":1,"minecraft:porkchop":1,"minecraft:oak_log":25,"minecraft:cobbled_deepslate":9,"minecraft:raw_iron":31,"minecraft:cobblestone":79,"minecraft:oak_planks":1,"minecraft:coal":4,"minecraft:dirt":9,"minecraft:gunpowder":2,"minecraft:string":1,"minecraft:white_wool":2,"minecraft:bone":1}},"DataVersion":3839}