{"stats":{"minecraft:killed_by":{"minecraft:player":39},"minecraft:used":{"minecraft:dirt":4},"minecraft:custom":{"minecraft:time_since_rest":289,"minecraft:walk_one_cm":135962,"minecraft:crouch_one_cm":989,"minecraft:play_time":31338,"minecraft:sprint_one_cm":89215,"minecraft:damage_taken":24199,"minecraft:deaths":39,"minecraft:sneak_time":164,"minecraft:drop":3,"minecraft:jump":384,"minecraft:leave_game":3,"minecraft:time_since_death":263,"minecraft:total_world_time":31338,"minecraft:player_kills":6,"minecraft:fall_one_cm":15836,"minecraft:fly_one_cm":93185},"minecraft:dropped":{"tacz:modern_kinetic_gun":1,"tacz:ammo":15},"minecraft:mined":{"minecraft:grass":1,"minecraft:grass_block":4},"minecraft:picked_up":{"tacz:ammo":15,"tacz:modern_kinetic_gun":1,"minecraft:light_gray_wool":1,"minecraft:mutton":2,"minecraft:dirt":4,"minecraft:egg":1}},"DataVersion":3465}