{"stats":{"minecraft:killed_by":{"minecraft:player":7,"minecraft:zombie":4},"minecraft:mined":{"minecraft:birch_stairs":1,"minecraft:white_bed":1,"minecraft:short_grass":8,"minecraft:calcite":3,"minecraft:grass_block":372,"minecraft:nether_quartz_ore":14,"minecraft:copper_ore":5,"minecraft:cobblestone":14,"minecraft:oak_planks":2,"minecraft:diorite":4,"minecraft:amethyst_block":1,"minecraft:glowstone":25,"minecraft:birch_log":47,"minecraft:iron_ore":2,"minecraft:birch_leaves":5,"minecraft:coal_ore":33,"minecraft:oak_log":266,"minecraft:dirt_path":2,"minecraft:oak_stairs":2,"minecraft:gravel":70,"minecraft:dirt":304,"minecraft:stone":351,"minecraft:netherrack":5,"minecraft:oak_leaves":57,"minecraft:deepslate":6},"minecraft:custom":{"minecraft:interact_with_furnace":5,"minecraft:mob_kills":45,"minecraft:interact_with_crafting_table":33,"minecraft:leave_game":3,"minecraft:time_since_death":11995,"minecraft:sleep_in_bed":7,"minecraft:time_since_rest":187,"minecraft:sprint_one_cm":675016,"minecraft:damage_taken":5000,"minecraft:walk_one_cm":1035865,"minecraft:drop":34,"minecraft:damage_dealt":8172,"minecraft:swim_one_cm":1538,"minecraft:player_kills":3,"minecraft:fly_one_cm":405808,"minecraft:open_chest":22,"minecraft:crouch_one_cm":15037,"minecraft:play_time":250896,"minecraft:deaths":17,"minecraft:sneak_time":4320,"minecraft:walk_under_water_one_cm":17339,"minecraft:jump":3177,"minecraft:walk_on_water_one_cm":36514,"minecraft:fall_one_cm":79020,"minecraft:total_world_time":250896,"minecraft:horse_one_cm":100772},"minecraft:dropped":{"minecraft:stone_axe":1,"minecraft:porkchop":1,"minecraft:cooked_beef":3,"minecraft:oak_log":25,"minecraft:glow_ink_sac":9,"minecraft:cobbled_deepslate":9,"minecraft:birch_sapling":4,"minecraft:raw_iron":31,"minecraft:cobblestone":90,"minecraft:rotten_flesh":8,"minecraft:oak_planks":10,"minecraft:amethyst_block":1,"minecraft:cooked_mutton":2,"minecraft:coal":4,"minecraft:flint":2,"minecraft:cobblestone_stairs":2,"minecraft:dirt":268,"minecraft:gunpowder":2,"minecraft:diorite":4,"minecraft:string":5,"minecraft:white_wool":2,"minecraft:netherrack":4,"minecraft:bone":1},"minecraft:broken":{"minecraft:iron_pickaxe":1,"minecraft:stone_shovel":4},"minecraft:used":{"minecraft:oak_fence":25,"minecraft:cooked_mutton":4,"minecraft:stone_sword":24,"minecraft:cobblestone_stairs":10,"minecraft:iron_shovel":121,"minecraft:stone_pickaxe":66,"minecraft:stone_shovel":604,"minecraft:oak_planks":122,"minecraft:chest":2,"minecraft:wooden_pickaxe":3,"minecraft:diamond_axe":162,"minecraft:torch":22,"minecraft:dirt":81,"minecraft:mutton":4,"minecraft:crafting_table":2,"minecraft:oak_log":105,"minecraft:wooden_axe":14,"minecraft:diamond_pickaxe":141,"minecraft:apple":8,"minecraft:iron_pickaxe":248,"minecraft:iron_axe":159,"minecraft:oak_stairs":15,"minecraft:bread":3,"minecraft:stone_axe":100,"minecraft:diamond_sword":99,"minecraft:cobblestone":276,"minecraft:porkchop":8,"minecraft:cooked_porkchop":6,"minecraft:birch_stairs":7,"minecraft:cooked_beef":1},"minecraft:picked_up":{"minecraft:wooden_axe":3,"minecraft:birch_log":45,"minecraft:iron_chestplate":1,"minecraft:cooked_beef":24,"minecraft:glow_ink_sac":63,"minecraft:oak_stairs":9,"minecraft:birch_planks":16,"minecraft:flint":13,"minecraft:oak_log":380,"minecraft:gunpowder":2,"minecraft:cobblestone_stairs":2,"minecraft:amethyst_block":7,"minecraft:string":17,"minecraft:dirt":1521,"minecraft:raw_copper":20,"minecraft:iron_axe":4,"minecraft:cooked_mutton":28,"minecraft:iron_shovel":1,"minecraft:bone":4,"minecraft:apple":18,"minecraft:wheat_seeds":2,"minecraft:cobbled_deepslate":60,"minecraft:stone_pickaxe":2,"minecraft:calcite":12,"minecraft:poppy":2,"minecraft:iron_pickaxe":3,"minecraft:light_gray_wool":1,"minecraft:glowstone_dust":320,"minecraft:birch_sapling":9,"minecraft:oak_planks":114,"minecraft:raw_iron":31,"minecraft:stick":29,"minecraft:cooked_porkchop":12,"minecraft:torch":75,"minecraft:quartz":42,"minecraft:gravel":61,"minecraft:porkchop":14,"minecraft:birch_stairs":1,"minecraft:ink_sac":2,"minecraft:diorite":4,"minecraft:white_bed":1,"minecraft:stone_sword":3,"minecraft:stone_shovel":1,"minecraft:rotten_flesh":37,"minecraft:stone_axe":6,"minecraft:oak_sapling":20,"minecraft:netherrack":28,"minecraft:melon_seeds":1,"minecraft:mutton":14,"minecraft:coal":129,"minecraft:white_wool":12,"minecraft:cobblestone":603},"minecraft:killed":{"minecraft:pig":9,"minecraft:zombie_villager":2,"minecraft:spider":5,"minecraft:sheep":6,"minecraft:skeleton":3,"minecraft:zombie":18,"minecraft:cow":1},"minecraft:crafted":{"minecraft:oak_planks":228,"minecraft:stone_shovel":6,"minecraft:diamond_sword":1,"minecraft:diamond_axe":1,"minecraft:crafting_table":2,"minecraft:wooden_pickaxe":1,"minecraft:cobblestone_stairs":12,"minecraft:birch_planks":20,"minecraft:stone_axe":2,"minecraft:diamond_pickaxe":1,"minecraft:iron_axe":1,"minecraft:stick":48,"minecraft:wooden_axe":1,"minecraft:stone_pickaxe":3,"minecraft:oak_stairs":20,"minecraft:stone_sword":1,"minecraft:chest":2,"minecraft:birch_stairs":8,"minecraft:oak_fence":27}},"DataVersion":3839}