{"stats":{"minecraft:mined":{"minecraft:tuff":12,"minecraft:white_bed":3,"minecraft:oak_sapling":1,"minecraft:deepslate_diamond_ore":11,"minecraft:obsidian":18,"minecraft:grass_block":87,"minecraft:redstone_wire":1,"minecraft:spruce_leaves":7,"minecraft:furnace":7,"minecraft:carrots":1,"minecraft:iron_ore":22,"minecraft:fire":6,"minecraft:andesite":2,"minecraft:deepslate_lapis_ore":6,"minecraft:enchanting_table":1,"minecraft:deepslate_iron_ore":13,"minecraft:oak_stairs":2,"minecraft:stripped_oak_log":1,"minecraft:stone":894,"minecraft:melon_stem":1,"minecraft:crafting_table":11,"minecraft:torch":42,"minecraft:short_grass":20,"minecraft:melon":2,"minecraft:chest":7,"minecraft:rose_bush":1,"minecraft:glass":1,"minecraft:nether_quartz_ore":18,"minecraft:copper_ore":12,"minecraft:cobblestone":48,"minecraft:deepslate_gold_ore":1,"minecraft:oak_planks":21,"minecraft:diorite":22,"minecraft:wall_torch":4,"minecraft:wheat":56,"minecraft:birch_leaves":7,"minecraft:oak_log":206,"minecraft:coal_ore":81,"minecraft:gravel":51,"minecraft:sand":24,"minecraft:dirt":98,"minecraft:cobweb":1,"minecraft:stonecutter":1,"minecraft:stone_bricks":17,"minecraft:netherrack":372,"minecraft:gold_ore":2,"minecraft:oak_leaves":306,"minecraft:deepslate":82},"minecraft:broken":{"minecraft:iron_shovel":1,"minecraft:shears":1,"minecraft:iron_axe":1,"minecraft:iron_pickaxe":1},"minecraft:used":{"minecraft:enchanting_table":2,"minecraft:iron_shovel":252,"minecraft:flint_and_steel":10,"minecraft:redstone":1,"minecraft:chest":22,"minecraft:shield":28,"minecraft:cooked_chicken":2,"minecraft:rotten_flesh":4,"minecraft:netherrack":188,"minecraft:torch":119,"minecraft:dirt":75,"minecraft:carrot":4,"minecraft:tuff":9,"minecraft:oak_fence_gate":4,"minecraft:obsidian":17,"minecraft:glass":35,"minecraft:wooden_axe":37,"minecraft:lava_bucket":13,"minecraft:iron_axe":308,"minecraft:oak_stairs":16,"minecraft:iron_helmet":1,"minecraft:iron_boots":1,"minecraft:stone_bricks":172,"minecraft:item_frame":6,"minecraft:golden_carrot":1,"minecraft:furnace":11,"minecraft:cobbled_deepslate":30,"minecraft:wheat_seeds":91,"minecraft:water_bucket":9,"minecraft:diorite":11,"minecraft:stone_pickaxe":90,"minecraft:oak_planks":226,"minecraft:wooden_pickaxe":12,"minecraft:stonecutter":1,"minecraft:salmon":1,"minecraft:crafting_table":13,"minecraft:white_bed":1,"minecraft:shears":238,"minecraft:oak_log":84,"minecraft:wooden_hoe":40,"minecraft:diamond_pickaxe":1304,"minecraft:melon_slice":46,"minecraft:chicken":1,"minecraft:iron_pickaxe":250,"minecraft:gravel":37,"minecraft:golden_leggings":1,"minecraft:diamond_sword":278,"minecraft:cobblestone":110,"minecraft:cooked_porkchop":21,"minecraft:porkchop":1,"minecraft:bucket":29,"minecraft:andesite":1,"minecraft:bone_meal":12},"minecraft:crafted":{"minecraft:oak_planks":360,"minecraft:cooked_chicken":2,"minecraft:furnace":1,"minecraft:stone":282,"minecraft:bone_meal":18,"minecraft:cooked_mutton":6,"minecraft:flint_and_steel":1,"minecraft:glass":47,"minecraft:iron_boots":1,"minecraft:iron_axe":2,"minecraft:stone_pickaxe":1,"minecraft:chest":16,"minecraft:stone_bricks":76,"minecraft:glistering_melon_slice":2,"minecraft:cooked_beef":5,"minecraft:item_frame":4,"minecraft:diamond_sword":1,"minecraft:cooked_porkchop":16,"minecraft:crafting_table":2,"minecraft:wooden_pickaxe":1,"minecraft:iron_helmet":1,"minecraft:bucket":3,"minecraft:air":0,"minecraft:oak_fence_gate":4,"minecraft:oak_boat":1,"minecraft:wooden_hoe":2,"minecraft:diamond_pickaxe":1,"minecraft:golden_leggings":1,"minecraft:gold_nugget":18,"minecraft:shield":1,"minecraft:stick":76,"minecraft:iron_pickaxe":1,"minecraft:iron_ingot":23,"minecraft:wooden_axe":1,"minecraft:oak_stairs":24,"minecraft:iron_shovel":1,"minecraft:gold_ingot":5,"minecraft:torch":64,"minecraft:shears":1},"minecraft:killed":{"minecraft:skeleton":7,"minecraft:chicken":2,"minecraft:pig":11,"minecraft:salmon":1,"minecraft:zombie":11,"minecraft:cow":3},"minecraft:picked_up":{"minecraft:crafting_table":11,"minecraft:wheat":54,"minecraft:chicken":3,"minecraft:diamond_sword":1,"minecraft:oak_stairs":2,"minecraft:shield":1,"minecraft:string":2,"minecraft:raw_copper":43,"minecraft:item_frame":3,"minecraft:gold_nugget":8,"minecraft:cobbled_deepslate":58,"minecraft:bucket":2,"minecraft:beef":5,"minecraft:rose_bush":1,"minecraft:melon_slice":39,"minecraft:chest":9,"minecraft:furnace":9,"minecraft:raw_iron":34,"minecraft:stick":17,"minecraft:torch":71,"minecraft:porkchop":18,"minecraft:diorite":16,"minecraft:carrot":4,"minecraft:redstone":2,"minecraft:rotten_flesh":7,"minecraft:arrow":7,"minecraft:stone_shovel":1,"minecraft:gold_ingot":3,"minecraft:obsidian":17,"minecraft:white_wool":2,"minecraft:cobblestone":943,"minecraft:stripped_oak_log":3,"minecraft:enchanting_table":2,"minecraft:birch_leaves":7,"minecraft:feather":4,"minecraft:golden_carrot":15,"minecraft:andesite":2,"minecraft:salmon":1,"minecraft:leather":4,"minecraft:flint":3,"minecraft:tuff":11,"minecraft:oak_log":198,"minecraft:gunpowder":4,"minecraft:lapis_lazuli":29,"minecraft:dirt":185,"minecraft:bone":8,"minecraft:apple":2,"minecraft:stone_bricks":18,"minecraft:stonecutter":1,"minecraft:bow":2,"minecraft:wheat_seeds":139,"minecraft:raw_gold":23,"minecraft:iron_ingot":6,"minecraft:glowstone_dust":64,"minecraft:oak_planks":149,"minecraft:iron_sword":1,"minecraft:cooked_porkchop":8,"minecraft:quartz":17,"minecraft:dandelion":1,"minecraft:sand":47,"minecraft:gravel":115,"minecraft:white_bed":1,"minecraft:grass_block":2,"minecraft:diamond":11,"minecraft:short_grass":2,"minecraft:oak_sapling":13,"minecraft:netherrack":358,"minecraft:coal":87,"minecraft:oak_leaves":215,"minecraft:ender_pearl":1},"minecraft:killed_by":{"minecraft:player":2,"minecraft:zombie":1},"minecraft:custom":{"minecraft:mob_kills":35,"minecraft:animals_bred":3,"minecraft:interact_with_crafting_table":52,"minecraft:leave_game":1,"minecraft:time_since_death":34037,"minecraft:sprint_one_cm":485116,"minecraft:walk_one_cm":932505,"minecraft:damage_blocked_by_shield":937,"minecraft:drop":41,"minecraft:play_time":291670,"minecraft:deaths":6,"minecraft:sneak_time":23446,"minecraft:walk_under_water_one_cm":44649,"minecraft:jump":4609,"minecraft:interact_with_brewingstand":1,"minecraft:walk_on_water_one_cm":52979,"minecraft:enchant_item":1,"minecraft:total_world_time":291670,"minecraft:interact_with_furnace":75,"minecraft:interact_with_stonecutter":5,"minecraft:sleep_in_bed":3,"minecraft:time_since_rest":34061,"minecraft:damage_taken":3854,"minecraft:damage_dealt":7695,"minecraft:swim_one_cm":15208,"minecraft:fly_one_cm":455943,"minecraft:player_kills":4,"minecraft:open_chest":105,"minecraft:crouch_one_cm":69721,"minecraft:fall_one_cm":137663},"minecraft:dropped":{"minecraft:iron_sword":1,"minecraft:cooked_porkchop":3,"minecraft:dirt":5,"minecraft:torch":16,"minecraft:wooden_hoe":1,"minecraft:rose_bush":1,"minecraft:bone_meal":6,"minecraft:cobbled_deepslate":19,"minecraft:tuff":1,"minecraft:wheat":1,"minecraft:raw_iron":10,"minecraft:rotten_flesh":19,"minecraft:diamond_sword":1,"minecraft:oak_sapling":1,"minecraft:arrow":1,"minecraft:bow":1}},"DataVersion":3839}