{"stats":{"minecraft:picked_up":{"minecraft:crafting_table":11,"minecraft:wheat":54,"minecraft:chicken":3,"minecraft:ladder":12,"minecraft:diamond_sword":1,"minecraft:oak_stairs":2,"minecraft:gold_block":6,"minecraft:shield":1,"minecraft:string":3,"minecraft:raw_copper":43,"minecraft:item_frame":3,"minecraft:gold_nugget":67,"minecraft:cobbled_deepslate":342,"minecraft:bucket":2,"minecraft:beef":5,"minecraft:cobblestone_slab":10,"minecraft:rose_bush":1,"minecraft:melon_slice":39,"minecraft:birch_sapling":8,"minecraft:chest":9,"minecraft:furnace":9,"minecraft:stick":26,"minecraft:raw_iron":39,"minecraft:torch":74,"minecraft:porkchop":20,"minecraft:polished_blackstone_bricks":58,"minecraft:diorite":16,"minecraft:carrot":11,"minecraft:redstone":2,"minecraft:arrow":10,"minecraft:rotten_flesh":9,"minecraft:stone_shovel":1,"minecraft:gold_ingot":12,"minecraft:obsidian":17,"minecraft:white_wool":2,"minecraft:cobblestone":976,"minecraft:birch_log":16,"minecraft:stripped_oak_log":3,"minecraft:enchanting_table":2,"minecraft:birch_leaves":7,"minecraft:feather":4,"minecraft:basalt":11,"minecraft:glow_ink_sac":1,"minecraft:golden_carrot":15,"minecraft:andesite":3,"minecraft:salmon":1,"minecraft:leather":5,"minecraft:flint":3,"minecraft:tuff":65,"minecraft:oak_log":278,"minecraft:nether_wart_block":3,"minecraft:gunpowder":6,"minecraft:cobblestone_stairs":25,"minecraft:stripped_birch_log":2,"minecraft:lapis_lazuli":52,"minecraft:dirt":792,"minecraft:bone":9,"minecraft:apple":3,"minecraft:stone_bricks":18,"minecraft:stonecutter":1,"minecraft:bow":3,"minecraft:wheat_seeds":140,"minecraft:oak_fence_gate":1,"minecraft:raw_gold":35,"minecraft:iron_ingot":6,"minecraft:glowstone_dust":64,"minecraft:iron_sword":1,"minecraft:oak_planks":176,"minecraft:oak_slab":37,"minecraft:cooked_porkchop":8,"minecraft:quartz":75,"minecraft:dandelion":1,"minecraft:gravel":115,"minecraft:sand":47,"minecraft:white_bed":1,"minecraft:grass_block":3,"minecraft:diamond":16,"minecraft:short_grass":2,"minecraft:cracked_polished_blackstone_bricks":24,"minecraft:oak_sapling":21,"minecraft:netherrack":580,"minecraft:coal":87,"minecraft:oak_leaves":215,"minecraft:ender_pearl":1},"minecraft:killed_by":{"minecraft:ghast":1,"minecraft:player":8,"minecraft:piglin_brute":4,"minecraft:creeper":1,"minecraft:piglin":2,"minecraft:zombie":2},"minecraft:killed":{"minecraft:skeleton":7,"minecraft:chicken":2,"minecraft:piglin_brute":3,"minecraft:piglin":3,"minecraft:pig":11,"minecraft:salmon":1,"minecraft:hoglin":1,"minecraft:pillager":1,"minecraft:zombie":22,"minecraft:cow":3},"minecraft:mined":{"minecraft:nether_gold_ore":15,"minecraft:tuff":66,"minecraft:white_bed":3,"minecraft:oak_sapling":2,"minecraft:deepslate_diamond_ore":17,"minecraft:cobblestone_stairs":25,"minecraft:stripped_birch_log":2,"minecraft:obsidian":18,"minecraft:ladder":12,"minecraft:grass_block":296,"minecraft:cracked_polished_blackstone_bricks":20,"minecraft:redstone_wire":1,"minecraft:spruce_leaves":7,"minecraft:polished_blackstone_bricks":54,"minecraft:furnace":7,"minecraft:carrots":3,"minecraft:iron_ore":28,"minecraft:fire":17,"minecraft:andesite":3,"minecraft:deepslate_lapis_ore":10,"minecraft:gold_block":3,"minecraft:enchanting_table":1,"minecraft:cobblestone_slab":9,"minecraft:deepslate_iron_ore":13,"minecraft:oak_stairs":2,"minecraft:stripped_oak_log":1,"minecraft:stone":900,"minecraft:oak_slab":27,"minecraft:melon_stem":1,"minecraft:basalt":11,"minecraft:crafting_table":11,"minecraft:torch":42,"minecraft:short_grass":22,"minecraft:melon":2,"minecraft:chest":7,"minecraft:rose_bush":1,"minecraft:glass":1,"minecraft:nether_quartz_ore":82,"minecraft:copper_ore":12,"minecraft:cobblestone":76,"minecraft:deepslate_gold_ore":13,"minecraft:oak_planks":47,"minecraft:diorite":22,"minecraft:wall_torch":4,"minecraft:nether_wart_block":3,"minecraft:birch_log":16,"minecraft:wheat":56,"minecraft:birch_leaves":16,"minecraft:oak_log":222,"minecraft:coal_ore":81,"minecraft:oak_fence_gate":1,"minecraft:gravel":51,"minecraft:sand":24,"minecraft:dirt":147,"minecraft:cobweb":1,"minecraft:stonecutter":1,"minecraft:stone_bricks":17,"minecraft:netherrack":568,"minecraft:gold_ore":2,"minecraft:oak_leaves":347,"minecraft:deepslate":356},"minecraft:crafted":{"minecraft:golden_carrot":2,"minecraft:oak_planks":812,"minecraft:cobblestone_slab":64,"minecraft:cooked_chicken":2,"minecraft:furnace":1,"minecraft:cobblestone_stairs":1,"minecraft:stone":282,"minecraft:bone_meal":18,"minecraft:cooked_mutton":6,"minecraft:oak_trapdoor":2,"minecraft:flint_and_steel":1,"minecraft:glass":47,"minecraft:iron_boots":2,"minecraft:iron_axe":2,"minecraft:ladder":15,"minecraft:stone_pickaxe":1,"minecraft:chest":16,"minecraft:oak_button":1,"minecraft:stone_bricks":76,"minecraft:oak_fence":3,"minecraft:golden_helmet":1,"minecraft:golden_boots":1,"minecraft:glistering_melon_slice":2,"minecraft:cooked_beef":5,"minecraft:oak_slab":120,"minecraft:item_frame":4,"minecraft:diamond_sword":1,"minecraft:cooked_porkchop":16,"minecraft:crafting_table":3,"minecraft:wooden_pickaxe":1,"minecraft:iron_helmet":1,"minecraft:bucket":3,"minecraft:air":0,"minecraft:oak_fence_gate":10,"minecraft:oak_boat":1,"minecraft:iron_chestplate":1,"minecraft:wooden_hoe":2,"minecraft:golden_leggings":2,"minecraft:diamond_pickaxe":1,"minecraft:gold_nugget":36,"minecraft:shield":1,"minecraft:stick":144,"minecraft:iron_ingot":37,"minecraft:iron_pickaxe":1,"minecraft:oak_stairs":28,"minecraft:wooden_axe":1,"minecraft:iron_leggings":1,"minecraft:iron_shovel":2,"minecraft:gold_ingot":48,"minecraft:torch":80,"minecraft:shears":1},"minecraft:custom":{"minecraft:interact_with_anvil":4,"minecraft:mob_kills":56,"minecraft:animals_bred":3,"minecraft:interact_with_crafting_table":81,"minecraft:leave_game":2,"minecraft:time_since_death":1760,"minecraft:climb_one_cm":24513,"minecraft:sprint_one_cm":864307,"minecraft:walk_one_cm":1357066,"minecraft:damage_blocked_by_shield":2371,"minecraft:drop":59,"minecraft:play_time":463237,"minecraft:sneak_time":60502,"minecraft:deaths":28,"minecraft:walk_under_water_one_cm":46010,"minecraft:jump":6955,"minecraft:interact_with_brewingstand":1,"minecraft:walk_on_water_one_cm":54001,"minecraft:enchant_item":1,"minecraft:total_world_time":463237,"minecraft:interact_with_furnace":88,"minecraft:interact_with_stonecutter":8,"minecraft:sleep_in_bed":4,"minecraft:time_since_rest":1828,"minecraft:damage_taken":11067,"minecraft:damage_dealt":14135,"minecraft:swim_one_cm":15208,"minecraft:player_kills":11,"minecraft:fly_one_cm":724524,"minecraft:open_chest":174,"minecraft:crouch_one_cm":211341,"minecraft:fall_one_cm":234255},"minecraft:dropped":{"minecraft:golden_boots":1,"minecraft:iron_sword":2,"minecraft:cooked_porkchop":3,"minecraft:spectral_arrow":19,"minecraft:dirt":7,"minecraft:golden_carrot":2,"minecraft:wooden_hoe":1,"minecraft:torch":16,"minecraft:nether_wart_block":3,"minecraft:rose_bush":1,"minecraft:bone_meal":6,"minecraft:gold_ingot":1,"minecraft:cobbled_deepslate":19,"minecraft:birch_sapling":3,"minecraft:tuff":1,"minecraft:wheat":1,"minecraft:raw_iron":10,"minecraft:rotten_flesh":19,"minecraft:oak_planks":2,"minecraft:diamond_sword":1,"minecraft:oak_sapling":1,"minecraft:basalt":3,"minecraft:arrow":19,"minecraft:bow":2,"minecraft:netherrack":123},"minecraft:broken":{"minecraft:golden_helmet":1,"minecraft:iron_shovel":1,"minecraft:shears":1,"minecraft:golden_leggings":1,"minecraft:iron_axe":1,"minecraft:iron_pickaxe":1},"minecraft:used":{"minecraft:enchanting_table":2,"minecraft:iron_shovel":482,"minecraft:flint_and_steel":10,"minecraft:redstone":1,"minecraft:ladder":20,"minecraft:chest":25,"minecraft:shield":65,"minecraft:iron_sword":114,"minecraft:cooked_chicken":2,"minecraft:rotten_flesh":5,"minecraft:netherrack":287,"minecraft:torch":136,"minecraft:dirt":539,"minecraft:carrot":4,"minecraft:tuff":9,"minecraft:oak_fence_gate":11,"minecraft:obsidian":17,"minecraft:glass":35,"minecraft:wooden_axe":37,"minecraft:lava_bucket":13,"minecraft:iron_axe":458,"minecraft:oak_stairs":20,"minecraft:iron_helmet":1,"minecraft:iron_boots":1,"minecraft:stone_bricks":172,"minecraft:item_frame":6,"minecraft:basalt":8,"minecraft:golden_carrot":15,"minecraft:bow":1,"minecraft:furnace":11,"minecraft:cobbled_deepslate":47,"minecraft:wheat_seeds":91,"minecraft:water_bucket":9,"minecraft:diorite":11,"minecraft:cobblestone_stairs":82,"minecraft:stone_pickaxe":90,"minecraft:oak_planks":540,"minecraft:wooden_pickaxe":12,"minecraft:cobblestone_slab":172,"minecraft:stonecutter":1,"minecraft:polished_blackstone_bricks":12,"minecraft:salmon":1,"minecraft:oak_slab":134,"minecraft:crafting_table":14,"minecraft:white_bed":1,"minecraft:shears":238,"minecraft:oak_log":203,"minecraft:wooden_hoe":40,"minecraft:diamond_pickaxe":2099,"minecraft:chicken":1,"minecraft:iron_pickaxe":250,"minecraft:melon_slice":46,"minecraft:gravel":37,"minecraft:golden_leggings":2,"minecraft:golden_helmet":1,"minecraft:diamond_sword":359,"minecraft:cobblestone":275,"minecraft:porkchop":3,"minecraft:cooked_porkchop":22,"minecraft:andesite":1,"minecraft:bucket":29,"minecraft:bone_meal":12}},"DataVersion":3839}