{"stats":{"minecraft:picked_up":{"minecraft:crafting_table":16,"minecraft:wheat":54,"minecraft:chicken":3,"minecraft:ladder":12,"minecraft:diamond_sword":1,"minecraft:oak_stairs":2,"minecraft:gold_block":6,"minecraft:shield":1,"minecraft:string":3,"minecraft:raw_copper":43,"minecraft:item_frame":3,"minecraft:gold_nugget":67,"minecraft:cobbled_deepslate":342,"minecraft:bucket":2,"minecraft:beef":5,"minecraft:rose_bush":1,"minecraft:cobblestone_slab":10,"minecraft:melon_slice":45,"minecraft:chest":9,"minecraft:birch_sapling":8,"minecraft:furnace":9,"minecraft:stick":26,"minecraft:raw_iron":39,"minecraft:oak_fence":8,"minecraft:torch":89,"minecraft:porkchop":20,"minecraft:polished_blackstone_bricks":58,"minecraft:diorite":16,"minecraft:carrot":11,"minecraft:redstone":2,"minecraft:arrow":11,"minecraft:stone_shovel":1,"minecraft:rotten_flesh":9,"minecraft:gold_ingot":12,"minecraft:obsidian":21,"minecraft:white_wool":12,"minecraft:cobblestone":979,"minecraft:stripped_oak_log":3,"minecraft:birch_log":16,"minecraft:enchanting_table":2,"minecraft:birch_leaves":7,"minecraft:feather":4,"minecraft:basalt":11,"minecraft:golden_carrot":15,"minecraft:glow_ink_sac":1,"minecraft:andesite":3,"minecraft:salmon":1,"minecraft:leather":5,"minecraft:birch_planks":4,"minecraft:flint":3,"minecraft:tuff":65,"minecraft:oak_log":280,"minecraft:nether_wart_block":3,"minecraft:gunpowder":6,"minecraft:cobblestone_stairs":25,"minecraft:lapis_lazuli":52,"minecraft:stripped_birch_log":2,"minecraft:dirt":1019,"minecraft:white_banner":1,"minecraft:bone":9,"minecraft:apple":3,"minecraft:stone_bricks":18,"minecraft:bow":3,"minecraft:stonecutter":1,"minecraft:wheat_seeds":140,"minecraft:raw_gold":35,"minecraft:iron_ingot":6,"minecraft:oak_fence_gate":1,"minecraft:glowstone_dust":64,"minecraft:iron_sword":1,"minecraft:oak_planks":177,"minecraft:book":105,"minecraft:oak_slab":37,"minecraft:cooked_porkchop":8,"minecraft:quartz":75,"minecraft:dandelion":1,"minecraft:gravel":115,"minecraft:sand":47,"minecraft:white_bed":2,"minecraft:grass_block":4,"minecraft:diamond":16,"minecraft:short_grass":2,"minecraft:cracked_polished_blackstone_bricks":24,"minecraft:oak_sapling":21,"minecraft:netherrack":580,"minecraft:coal":87,"minecraft:oak_leaves":215,"minecraft:diamond_pickaxe":1,"minecraft:ender_pearl":2},"minecraft:killed_by":{"minecraft:ghast":1,"minecraft:player":16,"minecraft:piglin_brute":4,"minecraft:creeper":1,"minecraft:enderman":1,"minecraft:piglin":2,"minecraft:zombie":2},"minecraft:killed":{"minecraft:skeleton":8,"minecraft:chicken":2,"minecraft:piglin_brute":3,"minecraft:piglin":3,"minecraft:pig":11,"minecraft:salmon":1,"minecraft:hoglin":1,"minecraft:creeper":1,"minecraft:pillager":2,"minecraft:zombie":23,"minecraft:enderman":2,"minecraft:cow":3},"minecraft:mined":{"minecraft:nether_gold_ore":15,"minecraft:tuff":66,"minecraft:white_bed":4,"minecraft:oak_sapling":2,"minecraft:deepslate_diamond_ore":17,"minecraft:cobblestone_stairs":25,"minecraft:stripped_birch_log":2,"minecraft:obsidian":22,"minecraft:ladder":12,"minecraft:grass_block":299,"minecraft:cracked_polished_blackstone_bricks":20,"minecraft:redstone_wire":1,"minecraft:spruce_leaves":7,"minecraft:polished_blackstone_bricks":54,"minecraft:furnace":7,"minecraft:carrots":3,"minecraft:iron_ore":28,"minecraft:fire":19,"minecraft:andesite":3,"minecraft:deepslate_lapis_ore":10,"minecraft:gold_block":3,"minecraft:enchanting_table":1,"minecraft:bookshelf":27,"minecraft:dirt_path":1,"minecraft:cobblestone_slab":9,"minecraft:deepslate_iron_ore":13,"minecraft:oak_stairs":2,"minecraft:stripped_oak_log":1,"minecraft:white_banner":1,"minecraft:stone":903,"minecraft:white_wool":10,"minecraft:oak_slab":27,"minecraft:melon_stem":1,"minecraft:basalt":11,"minecraft:oak_fence":8,"minecraft:crafting_table":11,"minecraft:torch":60,"minecraft:short_grass":23,"minecraft:melon":4,"minecraft:chest":7,"minecraft:rose_bush":1,"minecraft:nether_quartz_ore":82,"minecraft:copper_ore":12,"minecraft:glass":1,"minecraft:cobblestone":76,"minecraft:deepslate_gold_ore":13,"minecraft:oak_planks":48,"minecraft:diorite":22,"minecraft:wall_torch":4,"minecraft:birch_planks":4,"minecraft:nether_wart_block":3,"minecraft:birch_log":16,"minecraft:wheat":56,"minecraft:birch_leaves":16,"minecraft:oak_log":224,"minecraft:coal_ore":81,"minecraft:oak_fence_gate":1,"minecraft:gravel":51,"minecraft:sand":24,"minecraft:dirt":377,"minecraft:cobweb":1,"minecraft:stonecutter":1,"minecraft:stone_bricks":18,"minecraft:netherrack":568,"minecraft:gold_ore":2,"minecraft:oak_leaves":347,"minecraft:deepslate":356},"minecraft:crafted":{"minecraft:golden_carrot":2,"minecraft:oak_planks":1300,"minecraft:cobblestone_slab":64,"minecraft:cooked_chicken":2,"minecraft:furnace":1,"minecraft:cobblestone_stairs":1,"minecraft:stone":282,"minecraft:bone_meal":18,"minecraft:bookshelf":35,"minecraft:cooked_mutton":6,"minecraft:oak_trapdoor":2,"minecraft:flint_and_steel":1,"minecraft:glass":47,"minecraft:iron_boots":2,"minecraft:iron_axe":2,"minecraft:ladder":15,"minecraft:stone_pickaxe":1,"minecraft:chest":16,"minecraft:oak_button":1,"minecraft:stone_bricks":76,"minecraft:oak_fence":93,"minecraft:golden_helmet":1,"minecraft:glistering_melon_slice":2,"minecraft:golden_boots":1,"minecraft:cooked_beef":5,"minecraft:item_frame":4,"minecraft:oak_slab":120,"minecraft:diamond_sword":1,"minecraft:cooked_porkchop":16,"minecraft:diamond_axe":1,"minecraft:crafting_table":4,"minecraft:iron_helmet":1,"minecraft:wooden_pickaxe":1,"minecraft:bucket":3,"minecraft:air":0,"minecraft:oak_fence_gate":10,"minecraft:oak_boat":1,"minecraft:wooden_hoe":2,"minecraft:iron_chestplate":1,"minecraft:diamond_pickaxe":1,"minecraft:golden_leggings":2,"minecraft:gold_nugget":36,"minecraft:shield":2,"minecraft:stick":208,"minecraft:iron_ingot":61,"minecraft:iron_pickaxe":1,"minecraft:oak_stairs":28,"minecraft:wooden_axe":1,"minecraft:iron_shovel":3,"minecraft:gold_ingot":48,"minecraft:iron_leggings":1,"minecraft:torch":80,"minecraft:shears":1},"minecraft:custom":{"minecraft:interact_with_anvil":6,"minecraft:mob_kills":62,"minecraft:animals_bred":3,"minecraft:interact_with_crafting_table":98,"minecraft:leave_game":3,"minecraft:time_since_death":7832,"minecraft:climb_one_cm":26343,"minecraft:sprint_one_cm":990507,"minecraft:walk_one_cm":1516378,"minecraft:damage_blocked_by_shield":2981,"minecraft:drop":66,"minecraft:play_time":551766,"minecraft:sneak_time":72830,"minecraft:deaths":40,"minecraft:walk_under_water_one_cm":46010,"minecraft:jump":7952,"minecraft:interact_with_brewingstand":1,"minecraft:walk_on_water_one_cm":54001,"minecraft:enchant_item":2,"minecraft:total_world_time":551766,"minecraft:interact_with_furnace":95,"minecraft:interact_with_stonecutter":8,"minecraft:sleep_in_bed":4,"minecraft:time_since_rest":7865,"minecraft:damage_taken":14524,"minecraft:damage_dealt":17663,"minecraft:swim_one_cm":15208,"minecraft:player_kills":22,"minecraft:fly_one_cm":806334,"minecraft:open_chest":216,"minecraft:crouch_one_cm":241313,"minecraft:fall_one_cm":263686},"minecraft:dropped":{"minecraft:golden_boots":1,"minecraft:iron_sword":2,"minecraft:ender_pearl":1,"minecraft:cooked_porkchop":3,"minecraft:spectral_arrow":19,"minecraft:dirt":7,"minecraft:golden_carrot":2,"minecraft:wooden_hoe":1,"minecraft:torch":16,"minecraft:nether_wart_block":3,"minecraft:rose_bush":1,"minecraft:white_banner":1,"minecraft:bone_meal":6,"minecraft:gold_ingot":1,"minecraft:stone_shovel":1,"minecraft:cobbled_deepslate":19,"minecraft:wheat":1,"minecraft:tuff":1,"minecraft:birch_sapling":3,"minecraft:raw_iron":10,"minecraft:rotten_flesh":19,"minecraft:oak_planks":2,"minecraft:diamond_sword":1,"minecraft:diamond_pickaxe":1,"minecraft:oak_sapling":1,"minecraft:basalt":3,"minecraft:arrow":41,"minecraft:bow":2,"minecraft:netherrack":123},"minecraft:broken":{"minecraft:golden_helmet":1,"minecraft:iron_shovel":1,"minecraft:shears":1,"minecraft:golden_leggings":1,"minecraft:iron_axe":1,"minecraft:iron_pickaxe":1},"minecraft:used":{"minecraft:oak_trapdoor":1,"minecraft:oak_fence":83,"minecraft:enchanting_table":2,"minecraft:iron_shovel":643,"minecraft:flint_and_steel":10,"minecraft:stone_shovel":70,"minecraft:redstone":1,"minecraft:ladder":20,"minecraft:chest":25,"minecraft:shield":77,"minecraft:iron_sword":188,"minecraft:cooked_chicken":2,"minecraft:rotten_flesh":5,"minecraft:netherrack":287,"minecraft:torch":144,"minecraft:dirt":774,"minecraft:carrot":4,"minecraft:tuff":9,"minecraft:oak_fence_gate":11,"minecraft:obsidian":20,"minecraft:glass":35,"minecraft:wooden_axe":37,"minecraft:lava_bucket":13,"minecraft:bookshelf":35,"minecraft:iron_axe":463,"minecraft:oak_stairs":20,"minecraft:iron_helmet":1,"minecraft:iron_boots":1,"minecraft:stone_bricks":172,"minecraft:item_frame":6,"minecraft:basalt":8,"minecraft:golden_carrot":15,"minecraft:bow":1,"minecraft:furnace":11,"minecraft:cobbled_deepslate":47,"minecraft:wheat_seeds":91,"minecraft:cooked_mutton":6,"minecraft:water_bucket":9,"minecraft:diorite":11,"minecraft:cobblestone_stairs":82,"minecraft:oak_planks":541,"minecraft:stone_pickaxe":90,"minecraft:diamond_axe":59,"minecraft:wooden_pickaxe":12,"minecraft:cobblestone_slab":172,"minecraft:stonecutter":1,"minecraft:polished_blackstone_bricks":12,"minecraft:white_wool":124,"minecraft:salmon":1,"minecraft:oak_slab":134,"minecraft:crafting_table":20,"minecraft:white_bed":2,"minecraft:shears":238,"minecraft:oak_log":211,"minecraft:wooden_hoe":40,"minecraft:diamond_pickaxe":2111,"minecraft:chicken":1,"minecraft:iron_pickaxe":250,"minecraft:melon_slice":52,"minecraft:gravel":37,"minecraft:golden_leggings":2,"minecraft:golden_helmet":1,"minecraft:diamond_sword":359,"minecraft:cobblestone":275,"minecraft:porkchop":3,"minecraft:cooked_porkchop":22,"minecraft:andesite":1,"minecraft:bucket":29,"minecraft:bone_meal":12}},"DataVersion":3839}