{"stat.pickup.tconstruct.book":1,"stat.pickup.minecraft.rotten_flesh":4,"stat.pickup.techguns.itemshared":1,"stat.walkOneCm":20892,"stat.leaveGame":2,"stat.craftItem.minecraft.stone_axe":1,"stat.pickup.minecraft.wooden_pickaxe":2,"stat.damageTaken":1931,"stat.craftItem.minecraft.crafting_table":1,"stat.entityKilledBy.techguns.ZombieMiner":1,"stat.pickup.minecraft.bread":2,"stat.mineBlock.minecraft.double_plant":1,"stat.useItem.minecraft.wooden_pickaxe":8,"stat.pickup.minecraft.cobblestone":16,"stat.pickup.minecraft.planks":19,"stat.flyOneCm":25690,"stat.deaths":8,"stat.jump":201,"stat.swimOneCm":893,"stat.entityKilledBy.zombie_herobrine":5,"stat.playOneMinute":12488,"stat.fallOneCm":3978,"stat.sneakTime":181,"stat.entityKilledBy.Skeleton":1,"stat.damageDealt":86,"stat.crouchOneCm":565,"stat.timeSinceDeath":688,"stat.sprintOneCm":24634,"stat.useItem.minecraft.stone_slab2":1,"stat.mineBlock.minecraft.stone":8,"stat.mineBlock.minecraft.tallgrass":1,"stat.diveOneCm":4795,"stat.pickup.minecraft.wheat":3,"stat.craftItem.minecraft.stick":16,"stat.craftingTableInteraction":3}