{"stats":{"minecraft:custom":{"minecraft:time_since_rest":10801,"minecraft:crouch_one_cm":713,"minecraft:play_time":10801,"minecraft:sprint_one_cm":17905,"minecraft:damage_taken":30,"minecraft:walk_one_cm":9408,"minecraft:sneak_time":454,"minecraft:walk_under_water_one_cm":295,"minecraft:jump":131,"minecraft:leave_game":1,"minecraft:time_since_death":10801,"minecraft:walk_on_water_one_cm":618,"minecraft:total_world_time":10801,"minecraft:swim_one_cm":1957,"minecraft:interact_with_crafting_table":2,"minecraft:fall_one_cm":4466,"minecraft:fly_one_cm":24340},"minecraft:used":{"minecraft:crafting_table":1,"minecraft:wooden_pickaxe":21},"minecraft:picked_up":{"biomesoplenty:fir_log":6,"minecraft:cobblestone":21},"minecraft:mined":{"minecraft:stone":21,"biomesoplenty:fir_log":6},"minecraft:crafted":{"biomesoplenty:fir_planks":24,"minecraft:crafting_table":1,"minecraft:stick":4,"minecraft:wooden_pickaxe":1}},"DataVersion":3465}