{"stat.pickup.tconstruct.book":2,"stat.walkOneCm":28374,"stat.entityKilledBy.techguns.SkeletonSoldier":1,"stat.pickup.minecraft.stick":6,"stat.craftItem.minecraft.planks":32,"stat.drop.minecraft.wooden_pickaxe":1,"stat.entityKilledBy.zombie_notch":1,"stat.leaveGame":1,"stat.pickup.minecraft.wooden_pickaxe":1,"stat.damageTaken":2617,"stat.craftItem.minecraft.crafting_table":1,"stat.useItem.minecraft.wooden_pickaxe":11,"stat.mineBlock.minecraft.double_plant":1,"stat.pickup.dynamictrees.oakseed":5,"stat.useItem.dynamictrees.oakseed":2,"stat.entityKilledBy.techguns.ZombieSoldier":1,"stat.pickup.minecraft.log":8,"stat.flyOneCm":45625,"stat.deaths":10,"stat.drop":1,"stat.jump":245,"stat.swimOneCm":1410,"stat.entityKilledBy.zombie_herobrine":5,"stat.playOneMinute":16362,"stat.fallOneCm":5298,"stat.sneakTime":248,"stat.entityKilledBy.Skeleton":1,"stat.damageDealt":429,"stat.crouchOneCm":625,"stat.timeSinceDeath":604,"stat.pickup.minecraft.dirt":18,"stat.useItem.minecraft.dirt":8,"stat.sprintOneCm":25818,"stat.mineBlock.minecraft.dirt":9,"stat.useItem.minecraft.stone_slab2":5,"stat.craftItem.minecraft.wooden_pickaxe":3,"stat.mineBlock.minecraft.tallgrass":3,"stat.diveOneCm":3146,"stat.craftingTableInteraction":2}