{"stats":{"minecraft:used":{"minecraft:cooked_beef":2},"minecraft:killed_by":{"minecraft:player":6},"minecraft:custom":{"minecraft:time_since_rest":1165,"minecraft:crouch_one_cm":14244,"minecraft:play_time":33251,"minecraft:sprint_one_cm":43830,"minecraft:walk_one_cm":126655,"minecraft:damage_taken":4892,"minecraft:deaths":6,"minecraft:sneak_time":5071,"minecraft:mob_kills":14,"minecraft:jump":238,"minecraft:leave_game":1,"minecraft:time_since_death":1136,"minecraft:total_world_time":33251,"minecraft:fall_one_cm":7280,"minecraft:fly_one_cm":54113,"minecraft:player_kills":39},"minecraft:killed":{"minecraft:sheep":5,"minecraft:skeleton":2,"minecraft:zombie":1,"minecraft:pig":1,"minecraft:creeper":4,"minecraft:chicken":1},"minecraft:picked_up":{"minecraft:chicken":1,"minecraft:rotten_flesh":1,"minecraft:porkchop":2,"minecraft:mutton":6,"minecraft:white_wool":4}},"DataVersion":3465}