{
  "undergarden:undergarden/root": {
    "criteria": {
      "tick": "2024-05-18 18:48:40 +0000"
    },
    "done": true
  },
  "minecraft:recipes/decorations/crafting_table": {
    "criteria": {
      "unlock_right_away": "2024-05-18 18:48:40 +0000"
    },
    "done": true
  },
  "iceandfire:iceandfire/root": {
    "criteria": {
      "tick": "2024-05-18 18:48:40 +0000"
    },
    "done": true
  },
  "biomesoplenty:biomesoplenty/root": {
    "criteria": {
      "shrubland": "2024-05-18 18:48:40 +0000"
    },
    "done": true
  },
  "betterdungeons:root": {
    "criteria": {
      "always": "2024-05-18 18:48:40 +0000"
    },
    "done": true
  },
  "tombstone:adventure/root": {
    "criteria": {
      "auto": "2024-05-18 18:48:40 +0000"
    },
    "done": true
  },
  "biomesoplenty:biomesoplenty/all_biomes": {
    "criteria": {
      "shrubland": "2024-05-18 18:48:40 +0000"
    },
    "done": false
  },
  "betterdeserttemples:root": {
    "criteria": {
      "always": "2024-05-18 18:48:40 +0000"
    },
    "done": true
  },
  "DataVersion": 3465
}